param_1_level_κ,param_1_seasonality_κ,param_1_slope_κ,param_1_slope_ϕb
2.4213760677966545,2.4201516630102073,0.00029667415902791396,0.9001730244658929
