param_1_level_κ,param_1_seasonality_κ,param_1_slope_κ,param_1_slope_ϕb
0.049351788111848593,0.17786943281251774,0.04446537827986182,0.9568731182728882
