Steps,Q5%,Q25%,Q50%,Q75%,Q95%
1.0,4.737894179782805,4.944223101389465,5.089624826469866,5.268924877613426,5.540239084150646
5.0,4.795459280504012,5.051641314652963,5.252509448490665,5.5359240505708325,6.090682805806495
12.0,4.722547060332386,5.00348188664239,5.204531352112438,5.506495037756238,6.310005109440844
