Teste,0.01,pvalor,Rejeicao
Jarque Bera,0.01,2.598235540603635e-5,Rejeita H₀
ARCHLM,0.01,5.201600828769776e-5,Rejeita H₀
Ljung Box,0.01,3.454265986313132e-10,Rejeita H₀
