Teste,0.05,pvalor,Rejeicao
Jarque Bera,0.05,3.450460076399469e-5,Rejeita H₀
ARCHLM,0.05,1.6064523297219106e-5,Rejeita H₀
Ljung Box,0.05,8.255447497346844e-10,Rejeita H₀
