Steps,Q5%,Q25%,Q50%,Q75%,Q95%
1.0,10.075379872769071,10.156608911719939,10.228293514196725,10.283020649007284,10.350462287764424
5.0,10.098596388209549,10.201657860593992,10.289457409229925,10.38045970650578,10.642825085520098
12.0,10.055641727777092,10.169335669671813,10.274763050357024,10.364592055615521,10.707392326853977
