param_1_level_κ,param_1_seasonality_κ,param_1_slope_κ,param_1_slope_ϕb
0.025453636280013698,0.24445796949993434,0.00010269030427303225,0.9936580863943164
