Teste,0.01,pvalor,Rejeicao
Jarque Bera,0.01,3.186992030357463e-236,Rejeita H₀
ARCHLM,0.01,1.190832205589047e-34,Rejeita H₀
Ljung Box,0.01,8.135108329908462e-82,Rejeita H₀
