param_1_level_κ,param_1_seasonality_κ,param_1_slope_κ,param_1_slope_ϕb
27.31148874123699,124.1458196554741,0.32603594137076514,0.9218310053578681
