Teste,0.05,pvalor,Rejeicao
Jarque Bera,0.05,0.6762459661792655,Não rejeita H₀
ARCHLM,0.05,0.12223352191991747,Não rejeita H₀
Ljung Box,0.05,1.0550232567678508e-112,Rejeita H₀
