param_1_ar_κ,param_1_ar_ϕ,param_1_seasonality_κ
9.999004522897222e-5,1.00005069319279,0.004161718106919855
