param_1_ar_κ,param_1_ar_ϕ,param_1_seasonality_κ
9.999000311467511e-5,1.0000365699804092,0.0031359252075465857
