Steps,Q5%,Q25%,Q50%,Q75%,Q95%
1.0,9.316888834090326,9.316888834090326,9.373930131059291,9.496140054882693,9.686091829093813
5.0,9.316888834090326,9.416077970826562,9.544418875511475,9.70250364524316,9.943130036933546
12.0,9.316888834090326,9.506294145811992,9.69461924890502,9.873262652220347,10.12938323497117
