param_2_level_κ,param_2_seasonality_κ,param_2_slope_κ,param_2_slope_ϕb
0.0940540904992532,1.987554788213939,0.002378014906077244,0.9961259780805175
