param_2_level_κ,param_2_slope_κ,param_2_slope_ϕb
0.019174678636073583,9.99900000016199e-5,0.9935976915232533
