Teste,0.05,pvalor,Rejeicao
Jarque Bera,0.05,3.2938431307476405e-9,Rejeita H₀
ARCHLM,0.05,0.014641373300856964,Rejeita H₀
Ljung Box,0.05,0.0044970719452446725,Rejeita H₀
