Steps,Q5%,Q25%,Q50%,Q75%,Q95%
1.0,22719.87901889,22719.87901889,22719.87901889,23391.575473903482,28299.763916347405
5.0,25465.757793444554,27132.33586214793,28665.27408152844,29968.278287489837,33899.45372856897
12.0,30578.084874837197,32639.508938503495,34458.66837938153,36455.58026809962,39975.14417680265
