Teste,0.01,pvalor,Rejeicao
Jarque Bera,0.01,3.2938431307476405e-9,Rejeita H₀
ARCHLM,0.01,0.014641373300856964,Não rejeita H₀
Ljung Box,0.01,0.0044970719452446725,Rejeita H₀
