param_2_level_κ,param_2_seasonality_κ,param_2_slope_κ,param_2_slope_ϕb
327145.0649174895,165.0592746159927,113788.9461043676,0.9995602060570671
