param_2_ar_κ,param_2_ar_ϕ,param_2_seasonality_κ
0.00025812316597907615,0.9949283107049619,1.4327653805190215
