param_1_level_κ,param_1_seasonality_κ,param_1_slope_κ,param_1_slope_ϕb
0.5141574405400811,0.5243598120871934,0.00010483824860473553,0.9999826061449401
