Steps,Q5%,Q25%,Q50%,Q75%,Q95%
1.0,5.041257490327137,5.280992888306019,5.460839584498389,5.597334253716015,5.830960828428368
5.0,4.6443908991413725,5.045375891066712,5.305412280472442,5.619797740554324,6.132264165112067
12.0,4.671165517683257,5.095532450077172,5.429901940727515,5.7482324331598695,6.31912628033242
