param_1_level_κ,param_1_seasonality_κ,param_1_slope_κ,param_1_slope_ϕb
0.8326009240179107,0.8382456284113308,0.10802759517917947,0.9453925298207502
