Teste,0.01,pvalor,Rejeicao
Jarque Bera,0.01,7.401376989153703e-10,Rejeita H₀
ARCHLM,0.01,2.1916709443582684e-8,Rejeita H₀
Ljung Box,0.01,1.4058599482619551e-19,Rejeita H₀
