param_1_level_κ,param_1_seasonality_κ,param_1_slope_κ,param_1_slope_ϕb
0.00010303565375732846,1.4445750569226459,1.4450120782571199,0.9027436323610283
