Steps,Q5%,Q25%,Q50%,Q75%,Q95%
1.0,10.155077434044395,10.215704093610055,10.259737568785093,10.302506184929143,10.36235966146407
5.0,10.191138206607231,10.252630974803646,10.31472008430165,10.37367687081431,10.576841138501262
12.0,10.09456589338085,10.209445165944162,10.27964868254736,10.372688909381273,10.624569907224256
