param_1_level_κ,param_1_seasonality_κ,param_1_slope_κ,param_1_slope_ϕb
0.6161623985760397,0.6153329417036416,9.999401297377772e-5,0.9000001486354052
