param_1_ar_κ,param_1_ar_ϕ,param_1_seasonality_κ
0.003580650933583723,0.9989168570767066,0.5129168572304569
