Steps,Q5%,Q25%,Q50%,Q75%,Q95%
1.0,7.533110799618202,7.552518459409519,7.567899632540739,7.581998164735927,7.602397825080485
5.0,7.158577313050263,12.75135077043593,33.86864627185694,80.44998807889688,206.16390611593962
12.0,-31.79859784811967,5.411985598424371,25.83715726561953,85.03935764009293,247.58272404071784
