param_1_ar_κ,param_1_ar_ϕ,param_1_seasonality_κ
1.9294565988313697,0.7814491017915788,2.1281302493750904
