Teste,0.05,pvalor,Rejeicao
Jarque Bera,0.05,4.1011898416395705e-9,Rejeita H₀
ARCHLM,0.05,4.9239271827889495e-14,Rejeita H₀
Ljung Box,0.05,7.568562925687782e-43,Rejeita H₀
