Steps,Q5%,Q25%,Q50%,Q75%,Q95%
1.0,4.673309039941194,4.945366181971819,5.131497315618359,5.308530175535166,5.5194857761896685
5.0,4.794560957749792,5.214083575504093,5.492655383127289,5.79115751270026,6.226339587450202
12.0,4.6443908991413725,5.125475414301231,5.480605631124104,5.786054825395881,6.222006250596206
