Teste,0.05,pvalor,Rejeicao
Jarque Bera,0.05,4.174959741974178e-20,Rejeita H₀
ARCHLM,0.05,0.0005565640289614639,Rejeita H₀
Ljung Box,0.05,7.4874234169477255e-19,Rejeita H₀
