param_1_level_κ,param_1_seasonality_κ,param_1_slope_κ,param_1_slope_ϕb
0.00011087015929185968,1.8894794313982772,1.916476318374388,0.9652942108995036
