Teste,0.05,pvalor,Rejeicao
Jarque Bera,0.05,4.083335002868957e-20,Rejeita H₀
ARCHLM,0.05,0.00016137127457843917,Rejeita H₀
Ljung Box,0.05,7.417369039113656e-19,Rejeita H₀
