param_1_level_κ,param_1_seasonality_κ,param_1_slope_κ,param_1_slope_ϕb
0.00813785402220861,5.461831713568437,5.469430712246444,0.9726309787007861
