param_1_level_κ,param_1_seasonality_κ,param_1_slope_κ,param_1_slope_ϕb
1477.1591685955912,3730.651998727929,0.8024425485848037,0.9753477864552831
