Teste,0.01,pvalor,Rejeicao
Jarque Bera,0.01,0.08069036003910995,Não rejeita H₀
ARCHLM,0.01,0.018239278370920174,Não rejeita H₀
Ljung Box,0.01,3.4502354958845215e-25,Rejeita H₀
