Steps,Q5%,Q25%,Q50%,Q75%,Q95%
1.0,10.119789879566875,10.204555751585907,10.275089938733316,10.339286891887099,10.421262010303264
5.0,10.151461831831616,10.237214484192503,10.323156293474138,10.400228880150628,10.557635500573674
12.0,10.112026832028098,10.220162266139447,10.300253853237521,10.388708328754797,10.569861442864228
