Teste,0.05,pvalor,Rejeicao
Jarque Bera,0.05,0.08069036003910995,Não rejeita H₀
ARCHLM,0.05,0.018239278370920174,Rejeita H₀
Ljung Box,0.05,3.4502354958845215e-25,Rejeita H₀
