param_1_level_κ,param_1_seasonality_κ,param_1_slope_κ,param_1_slope_ϕb
0.8766273497849543,0.8766129446853992,0.0001172655742532932,0.9999800772157591
