param_1_ar_κ,param_1_ar_ϕ,param_1_seasonality_κ
0.0057783345885138665,1.0007246980608484,1.0804870791899102
