Steps,Q5%,Q25%,Q50%,Q75%,Q95%
1.0,9.392934815031285,9.588321723796952,9.69523133535164,9.807884984705328,9.980250398999639
5.0,9.316888834090326,9.316888834090326,9.319798437808451,9.512579577370358,9.752734494142876
12.0,9.763198884367098,9.962866657419433,10.094545322337133,10.239144208337732,10.436001637163015
