param_1_ar_κ,param_1_ar_ϕ,param_1_seasonality_κ
0.13037651396877892,1.032429820174061,0.03500932653902526
