param_2_level_κ,param_2_seasonality_κ,param_2_slope_κ,param_2_slope_ϕb
0.019564040036813286,0.09641536271656516,0.6161076149744253,0.9785214197448966
