Teste,0.01,pvalor,Rejeicao
Jarque Bera,0.01,2.4497555070764855e-43,Rejeita H₀
ARCHLM,0.01,1.1265979277865544e-24,Rejeita H₀
Ljung Box,0.01,1.8645681985150392e-224,Rejeita H₀
