param_2_ar_κ,param_2_ar_ϕ,param_2_seasonality_κ
45.28498732393773,-0.06399253089840572,9.999000000191589e-5
