param_1_level_κ,param_1_seasonality_κ,param_1_slope_κ,param_1_slope_ϕb
0.00010016146931208,0.2849249507879484,0.018710910044428448,0.9934028510950749
