param_1_ar_κ,param_1_ar_ϕ,param_1_seasonality_κ
13.935691967271941,1.0002478189679598,402.38880441387533
