param_1_level_κ,param_1_seasonality_κ,param_1_slope_κ,param_1_slope_ϕb
11.113795903745936,53.08215895946376,19.415035431358422,0.9335713888940195
