param_1_ar_κ,param_1_ar_ϕ,param_1_seasonality_κ
23.073506432352275,1.0001140646492221,86.55358342028852
