param_1_level_κ,param_1_seasonality_κ,param_1_slope_κ,param_1_slope_ϕb
0.004123432220889763,0.010913174814921881,0.0026835863673917507,0.9413568386639803
