param_1_level_κ,param_1_seasonality_κ,param_1_slope_κ,param_1_slope_ϕb
0.9130528132701412,0.03115695450786235,0.527341946243361,0.9000063295857929
