Teste,0.05,pvalor,Rejeicao
Jarque Bera,0.05,0.7356291872545068,Não rejeita H₀
ARCHLM,0.05,0.02553240450386849,Rejeita H₀
Ljung Box,0.05,4.120446902085788e-117,Rejeita H₀
