Steps,Q5%,Q25%,Q50%,Q75%,Q95%
1.0,7.067158831517901,7.086566503807402,7.101947686843818,7.116046228118208,7.13644590159978
5.0,6.423961180137847,11.384270994523815,27.835522991056404,70.9674469179696,187.92912571322736
12.0,-31.511267563630142,3.42682745530752,20.98254625620633,70.19069454537103,204.15859105540835
