Teste,0.01,pvalor,Rejeicao
Jarque Bera,0.01,0.7356291872545068,Não rejeita H₀
ARCHLM,0.01,0.02553240450386849,Não rejeita H₀
Ljung Box,0.01,4.120446902085788e-117,Rejeita H₀
