param_1_ar_κ,param_1_ar_ϕ,param_1_seasonality_κ
0.002342891379214474,0.9899550098111033,0.3309977182944996
