param_1_ar_κ,param_1_ar_ϕ,param_1_seasonality_κ
9.999083237234719e-5,0.9777554315369886,0.18358479336015882
