param_1_ar_κ,param_1_ar_ϕ,param_1_seasonality_κ
0.05663059190250211,0.9900199948544932,0.0063707273670868475
