param_1_level_κ,param_1_seasonality_κ,param_1_slope_κ,param_1_slope_ϕb
2740.0880109817167,4650.081119397104,0.27532266023775154,0.9086907298081203
