Teste,0.05,pvalor,Rejeicao
Jarque Bera,0.05,0.32126133382966277,Não rejeita H₀
ARCHLM,0.05,0.021620603720393455,Rejeita H₀
Ljung Box,0.05,4.920144464510739e-38,Rejeita H₀
