param_1_level_κ,param_1_seasonality_κ,param_1_slope_κ,param_1_slope_ϕb
0.0003000007581069448,0.6974647305140859,0.7304162021469066,0.9999999785854591
