Teste,0.05,pvalor,Rejeicao
Jarque Bera,0.05,1.2172829367872376e-18,Rejeita H₀
ARCHLM,0.05,0.0008581079871282681,Rejeita H₀
Ljung Box,0.05,6.903285298516497e-9,Rejeita H₀
