Steps,Q5%,Q25%,Q50%,Q75%,Q95%
1.0,4.71885821847515,5.056330875714117,5.260300162376787,5.451159572594519,5.713803690608011
5.0,4.6443908991413725,4.886396468821217,5.180197151526624,5.455235827161734,5.7619007224379
12.0,4.6443908991413725,4.746404572976793,5.105016099810593,5.4697857212171845,5.843498375528834
