Teste,0.01,pvalor,Rejeicao
Jarque Bera,0.01,0.32835625471053753,Não rejeita H₀
ARCHLM,0.01,0.022132639414905293,Não rejeita H₀
Ljung Box,0.01,8.889053467399885e-38,Rejeita H₀
