param_1_level_κ,param_1_seasonality_κ,param_1_slope_κ,param_1_slope_ϕb
0.8574241948847976,1.4667828912345728,0.011263454839241712,0.9999988008225036
