Steps,Q5%,Q25%,Q50%,Q75%,Q95%
1.0,10.175789476876485,10.272960220381176,10.341664909030143,10.407036248705365,10.50014676548042
5.0,10.079826996679845,10.24753156192923,10.37660956517918,10.494614510214912,10.700957855683528
12.0,10.03099554794811,10.137322963108636,10.299325390934928,10.432885078309472,10.616664240684736
