param_1_level_κ,param_1_seasonality_κ,param_1_slope_κ,param_1_slope_ϕb
0.09345950493912988,2.298411626722296,0.00010000445689907661,0.9933021495737462
