param_1_ar_κ,param_1_ar_ϕ,param_1_seasonality_κ
0.06742619506729149,1.0208265107887913,0.2042659231780763
