param_1_ar_κ,param_1_ar_ϕ,param_1_seasonality_κ
9.999014035850341e-5,1.0000567330181414,0.07624291271280259
