Steps,Q5%,Q25%,Q50%,Q75%,Q95%
1.0,9.316888834090326,9.466389651673762,9.74213121085862,10.022455882994906,10.30232324942896
5.0,9.316888834090326,9.316888834090326,9.316888834090326,9.554003235097213,9.925727457054055
12.0,9.479122032057813,9.871714427979047,10.09139868336693,10.327037047651828,10.684104968114648
