param_1_level_κ,param_1_seasonality_κ,param_1_slope_κ,param_1_slope_ϕb
956.5156788334018,1534.6466265897564,208.17724541916954,0.9903180851510295
