Teste,0.05,pvalor,Rejeicao
Jarque Bera,0.05,1.8725708529838878e-210,Rejeita H₀
ARCHLM,0.05,9.40418474148614e-32,Rejeita H₀
Ljung Box,0.05,8.69695641711169e-58,Rejeita H₀
