param_1_ar_κ,param_1_ar_ϕ,param_1_seasonality_κ
10730.962093523918,0.6824643873659553,5751.3694975986755
