param_2_level_κ,param_2_seasonality_κ,param_2_slope_κ,param_2_slope_ϕb
100913.6442034904,1360.2553081158796,3634.266019388211,0.9159559760867421
