param_2_level_κ,param_2_seasonality_κ,param_2_slope_κ,param_2_slope_ϕb
0.001667682282203507,0.18032418802373396,0.002390466101069669,0.9999815103287014
