Steps,Q5%,Q25%,Q50%,Q75%,Q95%
1.0,29907.854580341056,32589.884687556172,34661.17512043503,36861.51648549312,40322.67782680824
5.0,27802.888743798092,31093.753685179043,33704.54307909905,37129.48733877805,42128.27682114114
12.0,22719.87901889,22719.992992646843,24538.296989896597,26440.953319447894,29077.148281935773
