param_2_level_κ,param_2_seasonality_κ,param_2_slope_κ,param_2_slope_ϕb
0.05418050736295403,0.015603501710402763,0.3094962125318603,0.9733432847328832
