Teste,0.01,pvalor,Rejeicao
Jarque Bera,0.01,2.8343758723152946e-15,Rejeita H₀
ARCHLM,0.01,0.0019364250973426737,Rejeita H₀
Ljung Box,0.01,4.096272721806903e-39,Rejeita H₀
