param_2_ar_κ,param_2_ar_ϕ,param_2_seasonality_κ
0.00010010907046929641,0.9941400025604207,0.4697518037597694
