param_2_level_κ,param_2_seasonality_κ,param_2_slope_κ,param_2_slope_ϕb
6.703794753030667,22.947964025030803,0.00010000674632486078,0.9933785411634103
