param_2_ar_κ,param_2_ar_ϕ,param_2_seasonality_κ
1.1004081376689148,0.3233140892374296,0.2764922126125416
