Teste,0.01,pvalor,Rejeicao
Jarque Bera,0.01,1.7558570464503863e-121,Rejeita H₀
ARCHLM,0.01,1.3654857252895387e-25,Rejeita H₀
Ljung Box,0.01,1.5994168810410374e-68,Rejeita H₀
