param_1_level_κ,param_1_seasonality_κ,param_1_slope_κ,param_1_slope_ϕb
4.976184470134039,0.9873159813998571,4.616047589146969,0.9810765155546006
