param_1_ar_κ,param_1_ar_ϕ,param_1_seasonality_κ
19.496152170467308,-0.4332811409359949,13.669883202710748
