param_1_b_mult,param_1_level_κ,param_1_slope_κ,param_1_slope_ϕb
Inf,0.6498479851412037,0.0009999900361181541,0.8999999903155205
