Teste,0.05,pvalor,Rejeicao
Jarque Bera,0.05,1.378546678763572e-5,Rejeita H₀
ARCHLM,0.05,0.0061954959282709875,Rejeita H₀
Ljung Box,0.05,0.0006019617169047297,Rejeita H₀
