Steps,Q5%,Q25%,Q50%,Q75%,Q95%
1.0,10.499661350767143,10.524679798251906,10.544507694885256,10.562682136890643,10.588979373988012
5.0,10.517391478461663,10.548479546774047,10.570749729082223,10.593745446874903,10.623219593874412
12.0,10.542516014402043,10.572180158283965,10.59873342279925,10.62389489139516,10.658076024138989
