param_1_b_mult,param_1_level_κ,param_1_slope_κ,param_1_slope_ϕb
Inf,0.6493354837882317,0.0009999900526575284,0.8999999902989174
