param_1_level_κ,param_1_slope_κ,param_1_slope_ϕb
0.6356683160977418,9.999001376509289e-5,0.9849245149636598
