Steps,Q5%,Q25%,Q50%,Q75%,Q95%
1.0,10.500499371377478,10.525592299462463,10.545479224284641,10.56370777209935,10.590083296788476
5.0,10.51875821247379,10.549554536987136,10.572230012682018,10.594476096262406,10.62398605307079
12.0,10.544159283471885,10.573624363386326,10.600205004035772,10.624640509363644,10.658965888746206
