Teste,0.05,pvalor,Rejeicao
Jarque Bera,0.05,9.310271297244854e-5,Rejeita H₀
ARCHLM,0.05,0.0030674927974104343,Rejeita H₀
Ljung Box,0.05,0.0005088678695347078,Rejeita H₀
