param_1_ar_κ,param_1_ar_ϕ
0.005380124227452899,1.9530996935980929
0.005380124227452899,-1.0091058925587626
