param_1_ar_κ,param_1_ar_ϕ,param_1_b_mult
0.6344104246330051,1.0017544563344154,Inf
0.6344104246330051,-0.0018286002509624102,Inf
