Teste,0.01,pvalor,Rejeicao
Jarque Bera,0.01,0.005880581567541528,Rejeita H₀
H,0.01,0.6146568667378466,Não rejeita H₀
ARCHLM,0.01,0.012721558160070166,Não rejeita H₀
Ljung Box,0.01,0.01989984244764112,Não rejeita H₀
