Teste,0.01,pvalor,Rejeicao
Jarque Bera,0.01,0.42872748017807805,Não rejeita H₀
ARCHLM,0.01,0.004777073496042479,Rejeita H₀
Ljung Box,0.01,1.516253137679588e-5,Rejeita H₀
