Steps,Q5%,Q25%,Q50%,Q75%,Q95%
1.0,9.245365370676142,9.428773625779582,9.57413036408672,9.707365757598504,9.90014871797232
5.0,9.33017252169829,9.554581438602145,9.720281218463784,9.882796655960554,10.098409615051118
12.0,9.608464689583437,9.823855054476375,10.01793672833692,10.196258063522823,10.447310473401163
