Teste,0.01,pvalor,Rejeicao
Jarque Bera,0.01,0.42757205694179856,Não rejeita H₀
H,0.01,0.8644431223648152,Não rejeita H₀
ARCHLM,0.01,0.004784827828246954,Rejeita H₀
Ljung Box,0.01,1.5149107781180174e-5,Rejeita H₀
