param_1_ar_κ,param_1_ar_ϕ,param_1_b_mult
0.5669806827712421,0.6740719473109851,Inf
