Teste,0.05,pvalor,Rejeicao
Jarque Bera,0.05,0.42757205694181344,Não rejeita H₀
H,0.05,0.8644431223648112,Não rejeita H₀
ARCHLM,0.05,0.004784827828246809,Rejeita H₀
Ljung Box,0.05,1.5149107781179759e-5,Rejeita H₀
