Steps,Q5%,Q25%,Q50%,Q75%,Q95%
1.0,9.318176809115101,9.489856562829937,9.625918099532782,9.750633421268446,9.931088391186387
5.0,9.451339302886984,9.650556352322877,9.80251983897109,9.953492122036513,10.151254633191147
12.0,9.768197965117064,9.949357081779405,10.10585897130905,10.255072212151093,10.45902748941434
