Steps,Q5%,Q25%,Q50%,Q75%,Q95%
1.0,9.245327783118721,9.428740163667328,9.574100171517884,9.707338561924816,9.900125858611256
5.0,9.330109048132428,9.554597070819845,9.720304777795775,9.882833017419356,10.098467498383389
12.0,9.60835610185752,9.82369316777583,10.017849372465173,10.196298997866377,10.447380102447324
