param_1_ar_κ,param_1_ar_ϕ,param_1_b_mult
0.6345461434965561,1.0021019859859204,Inf
0.6345461434965561,-0.002176117281876281,Inf
