param_1_ar_κ,param_1_ar_ϕ,param_1_b_mult
0.12230510731635946,0.8464903606912694,Inf
0.12230510731635946,-0.09388942460206436,Inf
