param_1_b_mult,param_1_level_κ,param_1_slope_κ,param_1_slope_ϕb
Inf,0.6680071141918363,0.0009999900321877348,1.0000000092070307
