Teste,0.01,pvalor,Rejeicao
Jarque Bera,0.01,0.5418362079674178,Não rejeita H₀
H,0.01,0.6609713911271476,Não rejeita H₀
ARCHLM,0.01,0.03184887095273063,Não rejeita H₀
Ljung Box,0.01,8.431998016523078e-44,Rejeita H₀
