Teste,0.01,pvalor,Rejeicao
Jarque Bera,0.01,0.5418362079674257,Não rejeita H₀
H,0.01,0.6609713911271452,Não rejeita H₀
ARCHLM,0.01,0.03184887095272964,Não rejeita H₀
Ljung Box,0.01,8.431998016522836e-44,Rejeita H₀
