param_1_level_κ,param_1_seasonality_κ,param_1_slope_κ,param_1_slope_ϕb
0.04775918117166187,0.9696092892517647,9.999003092635793e-5,0.995145945197814
