Steps,Q5%,Q25%,Q50%,Q75%,Q95%
1.0,5.9207848032326895,5.936245068036388,5.948497808045079,5.95972878815421,5.975979286886337
5.0,5.712685770847839,5.8077333851022095,5.87790365686927,5.942363030390113,6.0451708458420175
12.0,5.798357051934374,5.880039539580606,5.953515128632862,6.027290166124289,6.135896132470835
