Steps,Q5%,Q25%,Q50%,Q75%,Q95%
1.0,10.496044972271921,10.511006199164916,10.52286343613068,10.53373189432185,10.54945784738557
5.0,10.515235688141795,10.548323289095004,10.571683966823876,10.593747825489965,10.62813489317589
12.0,10.605620628961558,10.635076248316015,10.655667538497203,10.67909549637197,10.713761237526906
