Steps,Q5%,Q25%,Q50%,Q75%,Q95%
1.0,10.511555007495211,10.527775039179062,10.54062991803647,10.552412824443563,10.569461924679572
5.0,10.506762094929517,10.54866300453477,10.579378080412747,10.608648464144684,10.648730220061562
12.0,10.635436772051829,10.673415121862934,10.699907805544896,10.73052622499753,10.773252645519042
