Teste,0.01,pvalor,Rejeicao
Jarque Bera,0.01,0.5301057093009856,Não rejeita H₀
ARCHLM,0.01,8.175385956616993e-7,Rejeita H₀
Ljung Box,0.01,2.3456937935959277e-77,Rejeita H₀
