level_κ,seasonality_κ,slope_κ,slope_ϕ
0.9686318178939346,3.2384534176324014,9.99903551683942e-5,0.993357242165642
