Teste,0.05,pvalor,Rejeicao
Jarque Bera,0.05,7.889849703199681e-6,Rejeita H₀
ARCHLM,0.05,0.013764293084102167,Rejeita H₀
Ljung Box,0.05,0.0009959086684385202,Rejeita H₀
