Teste,0.01,pvalor,Rejeicao
Jarque Bera,0.01,0.4209205347022261,Não rejeita H₀
ARCHLM,0.01,9.099615889644637e-7,Rejeita H₀
Ljung Box,0.01,8.190711651188609e-80,Rejeita H₀
