Teste,0.01,pvalor,Rejeicao
Jarque Bera,0.01,7.889849703199681e-6,Rejeita H₀
ARCHLM,0.01,0.013764293084102167,Não rejeita H₀
Ljung Box,0.01,0.0009959086684385202,Rejeita H₀
