level_κ,seasonality_κ,slope_κ
0.07986545341648899,0.9679194623639449,9.999001408980209e-5
