level_κ,seasonality_κ,slope_κ,slope_ϕ
0.0631617271218096,1.0056134239232664,9.999001402076076e-5,0.9933071486681087
