level_κ,seasonality_κ,slope_κ,slope_ϕ
1.3593191225068004,4.5383280695692205,0.09999999073635574,0.9923145839248569
