Teste,0.05,pvalor,Rejeicao
Jarque Bera,0.05,7.552497522320287e-6,Rejeita H₀
ARCHLM,0.05,0.016111649887301877,Rejeita H₀
Ljung Box,0.05,0.000656843279884512,Rejeita H₀
