Teste,0.01,pvalor,Rejeicao
Jarque Bera,0.01,9.493609878558393e-6,Rejeita H₀
ARCHLM,0.01,0.014623307253389645,Não rejeita H₀
Ljung Box,0.01,0.0007025600524513357,Rejeita H₀
