level_κ,seasonality_κ,slope_κ,slope_ϕ
0.07986545341648899,0.9679194623639449,9.999001408980209e-5,0.9933076884686697
