Steps,Q5%,Q25%,Q50%,Q75%,Q95%
1.0,1.1181735435903695,1.1277385981294095,1.1353192009149309,1.1422676548149582,1.152321616285412
5.0,1.2711166511321565,1.3300741535024163,1.3736660832680583,1.413666330177616,1.4775073881808443
12.0,1.351255616176184,1.402589006888716,1.4477607836960706,1.4936379749562665,1.560332471023643
