Steps,Q5%,Q25%,Q50%,Q75%,Q95%
1.0,10.44070439185162,10.488922778342255,10.527137347161739,10.562165190891893,10.612848205606092
5.0,10.389707904023636,10.496843632508469,10.573207033837358,10.644942258029367,10.75555294549589
12.0,10.468090812039126,10.559061711416032,10.63127107508274,10.704578994917846,10.817379135285382
