MAPE Teste,MAPE Treino
2.4609444506303007,2.0702067874801533
