Teste,0.05,pvalor,Rejeicao
Jarque Bera,0.05,0.13633300421058747,Não rejeita H₀
ARCHLM,0.05,3.6177994975442714e-10,Rejeita H₀
Ljung Box,0.05,1.4255594723549065e-101,Rejeita H₀
