Teste,0.05,pvalor,Rejeicao
Jarque Bera,0.05,0.33559811296676867,Não rejeita H₀
ARCHLM,0.05,5.4461247331427724e-5,Rejeita H₀
Ljung Box,0.05,1.3882488669863216e-62,Rejeita H₀
