param_1_level_κ,param_1_seasonality_κ,param_1_slope_κ,param_1_slope_ϕb
9.999007111250813e-5,0.3654487153748203,0.11065452514368472,0.8999999900168768
