Teste,0.01,pvalor,Rejeicao
Jarque Bera,0.01,0.9289044307992311,Não rejeita H₀
ARCHLM,0.01,7.078508697149048e-9,Rejeita H₀
Ljung Box,0.01,4.342780443487326e-114,Rejeita H₀
