Teste,0.01,pvalor,Rejeicao
Jarque Bera,0.01,0.16287219264790176,Não rejeita H₀
ARCHLM,0.01,3.4908116838402036e-10,Rejeita H₀
Ljung Box,0.01,1.193889423411956e-98,Rejeita H₀
