Teste,0.01,pvalor,Rejeicao
Jarque Bera,0.01,7.552497522320287e-6,Rejeita H₀
ARCHLM,0.01,0.016111649887301877,Não rejeita H₀
Ljung Box,0.01,0.000656843279884512,Rejeita H₀
