Teste,0.05,pvalor,Rejeicao
Jarque Bera,0.05,0.9289044307992311,Não rejeita H₀
ARCHLM,0.05,7.078508697149048e-9,Rejeita H₀
Ljung Box,0.05,4.342780443487326e-114,Rejeita H₀
