param_1_level_κ,param_1_seasonality_κ,param_1_slope_κ,param_1_slope_ϕ
9.999002468982861e-5,0.29822781979870083,9.999000290781801e-5,0.9933547947610196
