Teste,0.01,pvalor,Rejeicao
Jarque Bera,0.01,0.7985839287594431,Não rejeita H₀
ARCHLM,0.01,6.509344457512993e-7,Rejeita H₀
Ljung Box,0.01,9.88101478583843e-101,Rejeita H₀
