Teste,0.01,pvalor,Rejeicao
Jarque Bera,0.01,0.8040090329499295,Não rejeita H₀
ARCHLM,0.01,7.089415902736774e-7,Rejeita H₀
Ljung Box,0.01,1.1116762533244672e-100,Rejeita H₀
