Teste,0.05,pvalor,Rejeicao
Jarque Bera,0.05,0.004100087756824679,Rejeita H₀
ARCHLM,0.05,0.008763296383493555,Rejeita H₀
Ljung Box,0.05,0.028285031312003692,Rejeita H₀
