Steps,Q5%,Q25%,Q50%,Q75%,Q95%
1.0,9.072298470428311,9.188076290285617,9.279833808251631,9.36393963751174,9.48563530952568
5.0,8.970425811849278,9.26674360375256,9.482368087721294,9.686601030291381,9.966494395400543
12.0,9.169902079977659,9.436428266329683,9.621363925197832,9.849269624676179,10.145744007804435
