Steps,Q5%,Q25%,Q50%,Q75%,Q95%
1.0,0.3973692119925045,0.40656212769542965,0.4138477988957583,0.420525915649604,0.4301887168287402
5.0,0.5271135294463656,0.7052495788170728,0.8433327738537821,0.9723218696903055,1.1605511255705843
12.0,0.41046670580181727,0.568779128076748,0.7091536190982732,0.8576837658162375,1.047932079954064
