Teste,0.01,pvalor,Rejeicao
Jarque Bera,0.01,0.0826772979274853,Não rejeita H₀
ARCHLM,0.01,0.0035935501232056835,Rejeita H₀
Ljung Box,0.01,8.059401400423154e-6,Rejeita H₀
