Teste,0.01,pvalor,Rejeicao
Jarque Bera,0.01,0.004100087756824679,Rejeita H₀
ARCHLM,0.01,0.008763296383493555,Rejeita H₀
Ljung Box,0.01,0.028285031312003692,Não rejeita H₀
