Teste,0.01,pvalor,Rejeicao
Jarque Bera,0.01,0.680348754241363,Não rejeita H₀
ARCHLM,0.01,0.14053928068376625,Não rejeita H₀
Ljung Box,0.01,3.2519208260557107e-111,Rejeita H₀
