Teste,0.05,pvalor,Rejeicao
Jarque Bera,0.05,0.6707975608002328,Não rejeita H₀
ARCHLM,0.05,0.14324495083375371,Não rejeita H₀
Ljung Box,0.05,5.502133014221787e-110,Rejeita H₀
