Teste,0.05,pvalor,Rejeicao
Jarque Bera,0.05,0.671366389952484,Não rejeita H₀
ARCHLM,0.05,0.11924869582843002,Não rejeita H₀
Ljung Box,0.05,2.250886725526064e-112,Rejeita H₀
