Steps,Q5%,Q25%,Q50%,Q75%,Q95%
1.0,9.065657875658978,9.085065535465468,9.100446708608708,9.114545240814916,9.134944901175418
5.0,8.853468263188224,9.499049692173223,10.00057365598575,10.463524924144378,11.131875453488172
12.0,8.61204398753817,9.187767360487442,9.70260159632246,10.234367303604328,10.927202809799885
