Teste,0.05,pvalor,Rejeicao
Jarque Bera,0.05,0.886098555246372,Não rejeita H₀
ARCHLM,0.05,2.170544092819428e-9,Rejeita H₀
Ljung Box,0.05,1.0455805178206598e-128,Rejeita H₀
