MAPE Teste,MAPE Treino
23.83575761004252,16.537042031298405
