Teste,0.01,pvalor,Rejeicao
Jarque Bera,0.01,0.886098555246372,Não rejeita H₀
ARCHLM,0.01,2.170544092819428e-9,Rejeita H₀
Ljung Box,0.01,1.0455805178206598e-128,Rejeita H₀
