ar_κ,ar_ϕ,seasonality_κ
9.999000037770484e-5,1.0001054792444433,0.0012542303942330026
