Steps,Q5%,Q25%,Q50%,Q75%,Q95%
1.0,0.38990601923924106,0.45305081492742333,0.4933009703606598,0.5373931089234166,0.5959625612714129
5.0,0.3669380703850724,0.5109399185571939,0.6124884944359912,0.7002455896373045,0.8305709852533724
12.0,0.5083015071580127,0.6590012386127256,0.7516354192940342,0.843084378695316,0.9908436303777927
