ar_κ,ar_ϕ,seasonality_κ
9.999167994942981e-5,0.9987423791895277,0.3613230183148099
