Teste,0.05,pvalor,Rejeicao
Jarque Bera,0.05,0.7985839287594431,Não rejeita H₀
ARCHLM,0.05,6.509344457512993e-7,Rejeita H₀
Ljung Box,0.05,9.88101478583843e-101,Rejeita H₀
