param_1_ar_κ,param_1_ar_ϕ,param_1_seasonality_κ
1.7052128641947977,0.9570147791189662,5.178905836562391
