param_1_ar_κ,param_1_ar_ϕ,param_1_seasonality_κ
9.999067559120919e-5,1.0018403511559308,0.35874104526062095
