ar_κ,ar_ϕ,seasonality_κ
1.067435323840976,0.948088299883579,3.016402560817188
