param_1_level_κ,param_1_seasonality_κ,param_1_slope_κ,param_1_slope_ϕb
0.06719319141001835,0.07112628969504184,0.0056670860768910005,0.9998968290676865
