param_1_level_κ,param_1_seasonality_κ,param_1_slope_κ,param_1_slope_ϕ
0.00010002907022818302,1.9457743962481129,1.947979941810098,0.8556068965054705
