param_1_level_κ,param_1_seasonality_κ,param_1_slope_κ,param_1_slope_ϕ
9.99999935140309,9.999999351457578,0.07101398912594294,0.6554541662275414
