param_1_level_κ,param_1_seasonality_κ,param_1_slope_κ,param_1_slope_ϕb
0.2134408130679169,0.014072658069866524,0.05655563526416516,0.9298402383481417
