Steps,Q5%,Q25%,Q50%,Q75%,Q95%
1.0,9.717001332688504,9.732472386416532,9.744733676982827,9.755972494615834,9.77223433373594
5.0,8.604014279131809,9.256986584513314,9.771852976403322,10.249547572926298,10.929393435555982
12.0,8.30158705281928,8.896166728563667,9.425608740194832,9.968147044739249,10.704619113994841
