Steps,Q5%,Q25%,Q50%,Q75%,Q95%
1.0,8.301623245813103,8.33448212762491,8.360523811963981,8.384393871935295,8.418932298281922
5.0,9.115050478364527,9.238494590003658,9.77818565328231,10.876720824378888,13.66388538760206
12.0,9.818643838047414,10.392904655498077,11.022865998420492,12.886190571804251,17.677451450572537
