Steps,Q5%,Q25%,Q50%,Q75%,Q95%
1.0,8.931859221803494,9.122486727257025,9.27356494567595,9.412044703247094,9.612415917777655
5.0,9.42010339308834,9.619320350173492,9.77294436582153,9.933639933997117,10.13705483598592
12.0,9.775651736454916,9.979261781449932,10.10007111403403,10.241140591171096,10.43744578877539
