param_1_ar_κ,param_1_ar_ϕ,param_1_seasonality_κ
0.3658739842125469,1.1316137704644273,0.007412375894796225
