param_1_ar_κ,param_1_ar_ϕ
0.0013397885452862263,1.0015584650281901
