param_1_ar_κ,param_1_ar_ϕ,param_1_seasonality_κ
3.264646268268001,0.9926229438650137,0.0012289335538701687
