param_1_ar_κ,param_1_ar_ϕ,param_1_seasonality_κ
0.001500352662830363,0.996194909884515,0.006880355655688397
