param_1_ar_κ,param_1_ar_ϕ,param_1_seasonality_κ
0.00012318590983765885,0.9999973156181428,0.08367882261081684
