Steps,Q5%,Q25%,Q50%,Q75%,Q95%
1.0,9.981084071576273,10.613150991222247,11.114083655238716,11.573243384539428,12.237617689038354
5.0,8.737188763616265,9.466440301009012,10.021286164746332,10.582833331415504,11.302069747473874
12.0,11.480762784345051,12.20968775715986,12.712132991569609,13.259639759092554,14.116312647738543
