param_1_ar_κ,param_1_ar_ϕ,param_1_seasonality_κ
0.015768649977834753,0.9998389180101732,1.147925071585058
