param_2_level_κ,param_2_seasonality_κ,param_2_slope_κ,param_2_slope_ϕb
0.7993919092704938,5.116927793785503,0.04202050876893952,0.9305715418761833
