param_2_level_κ,param_2_slope_κ,param_2_slope_ϕb
0.0013496268117009608,9.999000000237231e-5,0.8999999900070177
