Steps,Q5%,Q25%,Q50%,Q75%,Q95%
1.0,8.406357516175847,8.97521318849799,9.479510992948054,10.024865220881454,10.730458340521894
5.0,8.836838434732691,9.514536895590687,9.991140245144182,10.416771600805227,11.22402560841083
12.0,9.491549619824964,10.218815570269769,10.788448580710511,11.334826178185967,12.07219025747622
