param_2_ar_κ,param_2_ar_ϕ,param_2_seasonality_κ
9.9993082211838e-5,-0.9624756332039118,0.001098109374805671
