param_2_ar_κ,param_2_ar_ϕ,param_2_seasonality_κ
0.0010710890477532754,1.001206367235626,9.999015375506028e-5
