Teste,0.05,pvalor,Rejeicao
Jarque Bera,0.05,4.540060958408021e-6,Rejeita H₀
ARCHLM,0.05,9.164020977186393e-51,Rejeita H₀
Ljung Box,0.05,1.7159823455540384e-254,Rejeita H₀
