param_2_level_κ,param_2_seasonality_κ,param_2_slope_κ,param_2_slope_ϕb
0.0023036950547424564,0.5418216308715581,0.002401206796530673,0.9715448707394417
