Steps,Q5%,Q25%,Q50%,Q75%,Q95%
1.0,104.0,104.0,104.0,104.0,104.0
5.0,104.0,104.0,104.0,104.0,104.0
12.0,104.0,104.0,122.06382510146892,122.34438818207389,135.94052256116254
