param_2_level_κ,param_2_seasonality_κ,param_2_slope_κ,param_2_slope_ϕb
402.4834339858743,1033.0571815634762,0.00010260518390907854,1.00000000785915
