param_2_level_κ,param_2_seasonality_κ,param_2_slope_κ,param_2_slope_ϕb
0.028864449545896426,41.63217677826293,0.7873615952893355,0.9555011607669994
