Steps,Q5%,Q25%,Q50%,Q75%,Q95%
1.0,22719.87901889,22719.87901889,22719.87901889,22719.87901889,22719.87901889
5.0,22719.87901889,22719.87901889,22719.87901889,22719.87901889,22719.87901889
12.0,22736.744636766296,22753.64695442759,22753.910233107825,22794.89914949598,22795.529263893866
