Steps,Q5%,Q25%,Q50%,Q75%,Q95%
1.0,15239.887946550001,15635.919377130922,15982.896111271886,16345.624456713454,16831.2958239424
5.0,15389.673115324658,16575.392864574904,17490.038712819834,18429.417584217852,19808.678895805562
12.0,15824.071976191597,17865.526305262836,18987.95512115839,20356.368655172097,22053.472582234575
