param_2_ar_κ,param_2_ar_ϕ,param_2_seasonality_κ
0.06431171027739895,-0.953699466756674,0.004427655000228307
