param_2_ar_κ,param_2_ar_ϕ,param_2_seasonality_κ
0.011352839842904661,0.8779880036169943,1.0978737603498532
