Teste,0.01,pvalor,Rejeicao
Jarque Bera,0.01,7.537911817443715e-11,Rejeita H₀
ARCHLM,0.01,2.992540215289824e-46,Rejeita H₀
Ljung Box,0.01,1.781439515995485e-197,Rejeita H₀
