param_2_b_mult,param_2_level_κ,param_2_slope_κ,param_2_slope_ϕb
Inf,0.0009999900087927067,0.0009999900012186088,0.8999999900041333
