Steps,Q5%,Q25%,Q50%,Q75%,Q95%
1.0,32782.78262196428,37016.602341359656,40897.9952796783,45222.68368682373,51002.26629164568
5.0,32981.82102309193,37461.51717449697,41190.82522086539,45260.64862068292,53148.423330897414
12.0,31077.86359222723,37389.13272724225,41447.42221978632,45902.3666016784,53501.33639800193
