Steps,Q5%,Q25%,Q50%,Q75%,Q95%
1.0,27302.773315047303,30897.82253365137,34197.99197095947,37879.352118492105,42805.28616199712
5.0,27687.565499830485,31834.170549054517,34776.62171994736,37519.11212343309,42926.14239640385
12.0,27000.343911900665,31085.9383344587,34337.66949435661,37542.73690922008,42014.42718476567
