Teste,0.05,pvalor,Rejeicao
Jarque Bera,0.05,0.01681288689464188,Rejeita H₀
H,0.05,0.00014094652643037442,Rejeita H₀
ARCHLM,0.05,1.8844808713741624e-30,Rejeita H₀
Ljung Box,0.05,0.0,Rejeita H₀
