Teste,0.05,pvalor,Rejeicao
Jarque Bera,0.05,2.342260494701585e-142,Rejeita H₀
ARCHLM,0.05,1.806086842810353e-5,Rejeita H₀
Ljung Box,0.05,7.237183561763817e-37,Rejeita H₀
