param_2_b_mult,param_2_level_κ,param_2_slope_κ,param_2_slope_ϕb
Inf,0.0009999899770814515,0.0009999899863527447,0.8999999899914032
