Teste,0.01,pvalor,Rejeicao
Jarque Bera,0.01,0.0007099154531167244,Rejeita H₀
H,0.01,3.1825199890977984e-5,Rejeita H₀
ARCHLM,0.01,2.681344135606132e-35,Rejeita H₀
Ljung Box,0.01,0.0,Rejeita H₀
