param_2_b_mult,param_2_level_κ,param_2_slope_κ,param_2_slope_ϕb
Inf,0.13040854565182103,0.0009999952944999566,0.9905733424848566
