Teste,0.01,pvalor,Rejeicao
Jarque Bera,0.01,0.01681288689464188,Não rejeita H₀
H,0.01,0.00014094652643037442,Rejeita H₀
ARCHLM,0.01,1.8844808713741624e-30,Rejeita H₀
Ljung Box,0.01,0.0,Rejeita H₀
