Steps,Q5%,Q25%,Q50%,Q75%,Q95%
1.0,12620.994143497186,15962.223525257768,19234.818238218068,23044.692442808002,28469.111135215193
5.0,12489.971487211149,16231.694317737541,19048.145139270055,21863.006507017475,27627.11382798472
12.0,16704.0293717289,21983.079367072332,26178.61434076639,30697.56869536442,37340.1837296721
