Teste,0.05,pvalor,Rejeicao
Jarque Bera,0.05,0.10778749858605688,Não rejeita H₀
H,0.05,0.4750403222839833,Não rejeita H₀
ARCHLM,0.05,1.720722774479107e-6,Rejeita H₀
Ljung Box,0.05,8.124950956046527e-41,Rejeita H₀
