Teste,0.05,pvalor,Rejeicao
Jarque Bera,0.05,1.0159319896953019e-8,Rejeita H₀
H,0.05,0.6353618082519135,Não rejeita H₀
ARCHLM,0.05,1.1525183204270141e-7,Rejeita H₀
Ljung Box,0.05,1.0342201306955202e-37,Rejeita H₀
