Steps,Q5%,Q25%,Q50%,Q75%,Q95%
1.0,10565.68048262681,13073.56055310337,15499.215458722014,18293.921720193965,22231.336963236736
5.0,12787.535934487652,16223.615158931898,18779.34270323094,21306.0017958832,26436.92757546074
12.0,16856.20332848876,21625.85869625782,25368.07613667225,29366.216915869452,35176.042268124365
