Teste,0.01,pvalor,Rejeicao
Jarque Bera,0.01,3.553792108122071e-20,Rejeita H₀
ARCHLM,0.01,0.0026503126628690254,Rejeita H₀
Ljung Box,0.01,2.4685702981824932e-27,Rejeita H₀
