Teste,0.01,pvalor,Rejeicao
Jarque Bera,0.01,0.1095530387660158,Não rejeita H₀
ARCHLM,0.01,1.5671443265777187e-6,Rejeita H₀
Ljung Box,0.01,9.899697729186941e-41,Rejeita H₀
