Teste,0.05,pvalor,Rejeicao
Jarque Bera,0.05,0.1095530387660158,Não rejeita H₀
ARCHLM,0.05,1.5671443265777187e-6,Rejeita H₀
Ljung Box,0.05,9.899697729186941e-41,Rejeita H₀
