Teste,0.01,pvalor,Rejeicao
Jarque Bera,0.01,2.752178740614386e-8,Rejeita H₀
ARCHLM,0.01,1.4445165444720607e-7,Rejeita H₀
Ljung Box,0.01,1.4397746504214305e-37,Rejeita H₀
