param_2_ar_κ,param_2_ar_ϕ
0.0010000875330846261,0.9997288041210464
