Teste,0.01,pvalor,Rejeicao
Jarque Bera,0.01,0.004585130191560827,Rejeita H₀
ARCHLM,0.01,0.002123874677507702,Rejeita H₀
Ljung Box,0.01,8.445269807662209e-29,Rejeita H₀
