param_2_ar_κ,param_2_ar_ϕ,param_2_b_mult
0.0009999899917572139,1.000158899479421,Inf
