param_2_ar_κ,param_2_ar_ϕ,param_2_b_mult
0.0009999899944202356,1.0001974405399907,Inf
