param_2_ar_κ,param_2_ar_ϕ,param_2_b_mult
0.0009999899913692729,1.0001789361370474,Inf
