Teste,0.01,pvalor,Rejeicao
Jarque Bera,0.01,0.09039314975065242,Não rejeita H₀
H,0.01,0.47293771029953513,Não rejeita H₀
ARCHLM,0.01,1.5593046679931624e-6,Rejeita H₀
Ljung Box,0.01,6.694489440309641e-41,Rejeita H₀
