Teste,0.05,pvalor,Rejeicao
Jarque Bera,0.05,2.752178740614386e-8,Rejeita H₀
ARCHLM,0.05,1.4445165444720607e-7,Rejeita H₀
Ljung Box,0.05,1.4397746504214305e-37,Rejeita H₀
