Steps,Q5%,Q25%,Q50%,Q75%,Q95%
1.0,10664.367222138873,13195.145126826159,15642.890770479313,18462.99485720262,22436.11537986127
5.0,12883.37789236998,16344.679086152024,18919.373503163457,21463.123560023658,26630.864743986313
12.0,16965.9554750184,21765.81038699242,25531.942322747163,29556.852373965055,35402.49282348473
