param_2_b_mult,param_2_level_κ,param_2_slope_κ,param_2_slope_ϕb
Inf,0.0009999899994354497,0.0009999900000002254,0.9887688991161839
