param_2_b_mult,param_2_level_κ,param_2_slope_κ,param_2_slope_ϕb
Inf,0.7526324744297161,0.0009999900000970162,0.8999999900005214
