Teste,0.01,pvalor,Rejeicao
Jarque Bera,0.01,0.000558430570256977,Rejeita H₀
H,0.01,0.154221012903065,Não rejeita H₀
ARCHLM,0.01,0.0014429197796040397,Rejeita H₀
Ljung Box,0.01,1.3898617224862425e-5,Rejeita H₀
