Teste,0.01,pvalor,Rejeicao
Jarque Bera,0.01,7.837940162902076e-5,Rejeita H₀
H,0.01,0.15729254056699782,Não rejeita H₀
ARCHLM,0.01,0.0006674176281597665,Rejeita H₀
Ljung Box,0.01,1.2902140917157115e-5,Rejeita H₀
