param_2_b_mult,param_2_level_κ,param_2_slope_κ,param_2_slope_ϕb
Inf,0.7525956463612511,0.0009999900000970158,0.8999999900005214
