Steps,Q5%,Q25%,Q50%,Q75%,Q95%
1.0,36229.7756842462,37095.29011923447,37852.02786493498,38641.60419071554,39696.45889994733
5.0,36728.40191890449,37961.23202651719,38803.50936425282,39682.401459713816,41140.41473955569
12.0,37478.01727373707,38765.61881303592,39843.100771058525,40915.16662456582,42264.543222540924
