Steps,Q5%,Q25%,Q50%,Q75%,Q95%
1.0,10673.976572055599,12915.54200191534,15055.729297200787,17525.21325516171,20948.76485179027
5.0,12425.690528827703,14970.967725531305,17796.0518193389,20903.771715360464,27050.23717394346
12.0,15163.206401522859,20122.84996248689,23894.338373893937,28312.77923215404,36870.85983513262
