param_2_ar_κ,param_2_ar_ϕ,param_2_b_mult
0.8309466866689372,1.0136502511755037,Inf
