Teste,0.01,pvalor,Rejeicao
Jarque Bera,0.01,0.5920076617622063,Não rejeita H₀
H,0.01,0.8980486816777137,Não rejeita H₀
ARCHLM,0.01,0.13310283345813784,Não rejeita H₀
Ljung Box,0.01,0.00015503720941570197,Rejeita H₀
