param_2_ar_κ,param_2_ar_ϕ,param_2_b_mult
0.8112040971422143,1.0148918443995525,Inf
