param_2_ar_κ,param_2_ar_ϕ
0.8155389171134108,0.9079245656486857
0.8155389171134108,0.10269652999725884
