Teste,0.01,pvalor,Rejeicao
Jarque Bera,0.01,0.5129703222970621,Não rejeita H₀
H,0.01,0.9765425301549719,Não rejeita H₀
ARCHLM,0.01,0.1654354394304403,Não rejeita H₀
Ljung Box,0.01,0.00011682405228771376,Rejeita H₀
