Steps,Q5%,Q25%,Q50%,Q75%,Q95%
1.0,10561.438773598502,12759.806197691834,14856.881013498954,17274.798534633417,20624.261573136642
5.0,12312.216492594207,14831.238736385068,17602.161628953425,20651.997719394807,26686.877844265746
12.0,15330.993863034351,19980.146970720787,23801.345816458183,27906.052654626168,36358.787857777264
