Teste,0.01,pvalor,Rejeicao
Jarque Bera,0.01,0.000361823401547472,Rejeita H₀
ARCHLM,0.01,0.6442456211843033,Não rejeita H₀
Ljung Box,0.01,0.0003090646903237788,Rejeita H₀
