param_2_ar_κ,param_2_ar_ϕ,param_2_b_mult
0.14798554338723424,-0.16984708449431954,Inf
