param_2_b_mult,param_2_level_κ,param_2_slope_κ,param_2_slope_ϕb
Inf,0.3640687124896484,0.0009999900000480578,1.000000010000524
