Teste,0.01,pvalor,Rejeicao
Jarque Bera,0.01,1.1698680104588996e-6,Rejeita H₀
H,0.01,0.11223627867516184,Não rejeita H₀
ARCHLM,0.01,0.002819850395033227,Rejeita H₀
Ljung Box,0.01,0.006872916319839671,Rejeita H₀
