Teste,0.01,pvalor,Rejeicao
Jarque Bera,0.01,2.4004617560767042e-6,Rejeita H₀
H,0.01,0.10433466390205859,Não rejeita H₀
ARCHLM,0.01,0.004926870997107362,Rejeita H₀
Ljung Box,0.01,0.0069329863252094275,Rejeita H₀
