Steps,Q5%,Q25%,Q50%,Q75%,Q95%
1.0,43197.47341042332,44259.231410636945,45187.93410034178,46157.30992282563,47452.947935254706
5.0,67294.47354945583,69849.58638106036,71549.10428261466,73622.00028542322,76713.30677683189
12.0,83769.35373916767,95215.41535103557,105807.59087632764,119302.44456774293,142311.40034221997
