param_2_b_mult,param_2_level_κ,param_2_slope_κ,param_2_slope_ϕb
8.580501360589272e-5,0.5060343833626665,0.0009999900001166331,0.8999999900012279
