param_2_b_mult,param_2_level_κ,param_2_slope_κ,param_2_slope_ϕb
0.00011629445285944014,0.5246564310988195,1.2489513181926557,0.9000003275499968
