Steps,Q5%,Q25%,Q50%,Q75%,Q95%
1.0,36400.88295764639,37207.94064446023,37912.83861917012,38647.62067812022,39628.18217145022
5.0,37733.044056945866,38758.6311087898,39426.883273920495,40153.86700065342,41239.07701872162
12.0,38974.95113881233,40144.486287826796,41019.853395411425,41857.01621209341,43119.35367436313
