param_2_ar_κ,param_2_ar_ϕ,param_2_b_mult
0.5521842712206032,1.0083767295654642,3.0790244903615394e-5
