Teste,0.05,pvalor,Rejeicao
Jarque Bera,0.05,1.318956045740855e-13,Rejeita H₀
H,0.05,0.7963395108959661,Não rejeita H₀
ARCHLM,0.05,0.39320370700504415,Não rejeita H₀
Ljung Box,0.05,5.559636689939145e-6,Rejeita H₀
