Teste,0.05,pvalor,Rejeicao
Jarque Bera,0.05,0.01325357188037517,Rejeita H₀
H,0.05,0.6333040316861691,Não rejeita H₀
ARCHLM,0.05,0.04185541835570784,Rejeita H₀
Ljung Box,0.05,3.2013695874793803e-6,Rejeita H₀
