Teste,0.01,pvalor,Rejeicao
Jarque Bera,0.01,0.01325357188037517,Não rejeita H₀
H,0.01,0.6333040316861691,Não rejeita H₀
ARCHLM,0.01,0.04185541835570784,Não rejeita H₀
Ljung Box,0.01,3.2013695874793803e-6,Rejeita H₀
