param_2_ar_κ,param_2_ar_ϕ,param_2_b_mult
0.5526049953592873,1.008449181788212,3.076417604720667e-5
