Steps,Q5%,Q25%,Q50%,Q75%,Q95%
1.0,10633.191654021728,12794.80467132767,14851.98829751762,17219.207347710057,20491.726140436385
5.0,12605.795272119807,15270.374477422305,17490.845933720306,19835.578031431818,24767.049242646743
12.0,15816.489596796595,19877.65478354827,23107.838126470382,26707.5462115831,32671.251898415296
