param_2_ar_κ,param_2_ar_ϕ,param_2_b_mult
0.06319985793395387,0.8366239546479042,0.004960410217753113
