param_2_b_mult,param_2_level_κ,param_2_slope_κ,param_2_slope_ϕb
0.00010606092076451093,0.347481370838706,0.000999990000056522,1.000000009999844
