Teste,0.05,pvalor,Rejeicao
Jarque Bera,0.05,1.2348026044904306e-288,Rejeita H₀
ARCHLM,0.05,3.97035036215649e-44,Rejeita H₀
Ljung Box,0.05,1.1167712943346866e-113,Rejeita H₀
