param_2_ar_κ,param_2_ar_ϕ,param_2_seasonality_κ
0.00010340688267659802,0.99939171411396,39.7818556023193
