param_2_level_κ,param_2_seasonality_κ,param_2_slope_κ,param_2_slope_ϕb
0.006592359554424047,0.7086276620101642,0.013145347593233006,0.9934221871079647
