param_2_ar_κ,param_2_ar_ϕ,param_2_seasonality_κ
0.01104630938978266,1.0000067285282779,0.9081401909762247
