Steps,Q5%,Q25%,Q50%,Q75%,Q95%
1.0,387.25815220695466,393.6365456909506,399.1618813440012,404.8775116407633,412.4373128170276
5.0,289.8762177307184,335.7087516133252,374.21027259118273,411.0405015087133,462.2234697251625
12.0,327.81853873824855,385.95749480718007,424.63621701466934,473.860353948159,545.8452262974407
