param_2_level_κ,param_2_seasonality_κ,param_2_slope_κ,param_2_slope_ϕb
4.879725184242609,0.29154787988964026,1.3391101372054746,0.8999999899691498
