MAPE Teste,MAPE Treino
3.1768784196200683,3.2604533002286584
