Teste,0.05,pvalor,Rejeicao
Jarque Bera,0.05,0.0014603895924759549,Rejeita H₀
ARCHLM,0.05,1.1985411726563157e-8,Rejeita H₀
Ljung Box,0.05,3.630971858963296e-63,Rejeita H₀
