param_2_level_κ,param_2_slope_κ,param_2_slope_ϕ
0.6876451236045299,0.07869043223921926,0.6000252778914154
