param_2_level_κ,param_2_slope_κ,param_2_slope_ϕ
1.1419305281054997,0.027016395417695276,0.6000000644374104
