Teste,0.05,pvalor,Rejeicao
Jarque Bera,0.05,0.003272239751612896,Rejeita H₀
ARCHLM,0.05,0.006099815447673075,Rejeita H₀
Ljung Box,0.05,6.604312240568956e-7,Rejeita H₀
