level_κ,seasonality_κ,slope_κ
9.999000000010263e-5,0.00018017023278878185,9.999000000003198e-5
