level_κ,seasonality_κ,slope_κ,slope_ϕ
9.999000000010267e-5,0.0001798256328289516,9.9990000000032e-5,0.6999999900001002
