Teste,0.01,pvalor,Rejeicao
Jarque Bera,0.01,1.5693943463334404e-7,Rejeita H₀
ARCHLM,0.01,0.0009373560391921889,Rejeita H₀
Ljung Box,0.01,1.7590615519394768e-6,Rejeita H₀
