Teste,0.05,pvalor,Rejeicao
Jarque Bera,0.05,0.06906705199570584,Não rejeita H₀
ARCHLM,0.05,2.173600538276323e-6,Rejeita H₀
Ljung Box,0.05,1.755672903014078e-54,Rejeita H₀
