Teste,0.01,pvalor,Rejeicao
Jarque Bera,0.01,0.06906705199570584,Não rejeita H₀
ARCHLM,0.01,2.173600538276323e-6,Rejeita H₀
Ljung Box,0.01,1.755672903014078e-54,Rejeita H₀
