Steps,Q5%,Q25%,Q50%,Q75%,Q95%
1.0,36238.12866302479,37109.05571096487,37870.82583635034,38665.942914394036,39728.6484319408
5.0,36683.93094973757,37847.541384321754,38657.875089192974,39533.590389240555,40977.950098056324
12.0,37221.166370170824,38527.36024481372,39608.26171754404,40656.85530160278,41973.43215215462
