level_κ,seasonality_κ,slope_κ,slope_ϕ
0.00010086977274320067,0.00010844513921429354,0.0018437996310367937,0.9999999492319777
