Steps,Q5%,Q25%,Q50%,Q75%,Q95%
1.0,35833.69538327331,36734.198485414236,37522.37069643153,38345.56081052004,39446.58397279412
5.0,35800.77969149603,37346.14227764292,38355.76037290431,39588.01072528913,41371.76401275452
12.0,36259.87837221593,37982.6602852995,39382.306671887854,40976.734584956546,42862.6903255663
