Teste,0.01,pvalor,Rejeicao
Jarque Bera,0.01,1.0600093381818285e-8,Rejeita H₀
ARCHLM,0.01,1.7274854180711306e-7,Rejeita H₀
Ljung Box,0.01,3.6777909021445764e-9,Rejeita H₀
