param_2_level_κ,param_2_seasonality_κ,param_2_slope_κ,param_2_slope_ϕb
2.1449729759198726,0.8110460606707542,0.2024556921793115,0.8999999900008238
