Teste,0.01,pvalor,Rejeicao
Jarque Bera,0.01,0.009187911550297943,Rejeita H₀
ARCHLM,0.01,0.02296049789803968,Não rejeita H₀
Ljung Box,0.01,8.304036953292574e-32,Rejeita H₀
