MAPE Teste,MAPE Treino
1.1060890970089666e12,2.307427709900799
