Steps,Q5%,Q25%,Q50%,Q75%,Q95%
1.0,35533.98399368159,35697.548773039096,35838.89537137045,35984.77911399791,36177.22229142743
5.0,36544.81054702923,37749.30993444154,38800.43807763686,39803.90197780414,41179.966364451146
12.0,40011.785082058435,41563.40970075259,42479.87283724046,43362.299547843955,45021.8273034143
