Teste,0.05,pvalor,Rejeicao
Jarque Bera,0.05,0.009187911550297943,Rejeita H₀
ARCHLM,0.05,0.02296049789803968,Rejeita H₀
Ljung Box,0.05,8.304036953292574e-32,Rejeita H₀
