Teste,0.01,pvalor,Rejeicao
Jarque Bera,0.01,0.003272239751612896,Rejeita H₀
ARCHLM,0.01,0.006099815447673075,Rejeita H₀
Ljung Box,0.01,6.604312240568956e-7,Rejeita H₀
