Teste,0.05,pvalor,Rejeicao
Jarque Bera,0.05,4.441052532315043e-6,Rejeita H₀
ARCHLM,0.05,6.0216604422706505e-6,Rejeita H₀
Ljung Box,0.05,4.461088917374737e-32,Rejeita H₀
