Teste,0.01,pvalor,Rejeicao
Jarque Bera,0.01,0.0014603895924759549,Rejeita H₀
ARCHLM,0.01,1.1985411726563157e-8,Rejeita H₀
Ljung Box,0.01,3.630971858963296e-63,Rejeita H₀
