Steps,Q5%,Q25%,Q50%,Q75%,Q95%
1.0,5257.051183066837,10557.315067922285,15264.367056803476,20362.76070183453,26970.775015477026
5.0,8369.04002163641,14302.298208787339,19138.982741905827,24322.75448594404,33765.92580996138
12.0,12296.161312587144,20366.91057507658,25987.830618892767,31955.815947316565,41802.94653810644
