ar_κ,ar_ϕ,seasonality_κ
0.0040878824465710485,0.9732417041191816,9.999937202753962e-5
