ar_κ,ar_ϕ,seasonality_κ
0.005630935219807342,0.964548506870992,9.999000079964839e-5
0.005630935219807342,0.007155503265122961,9.999000079964839e-5
