Teste,0.05,pvalor,Rejeicao
Jarque Bera,0.05,5.619417357502488e-40,Rejeita H₀
ARCHLM,0.05,9.654478438664028e-5,Rejeita H₀
Ljung Box,0.05,0.07256779281760013,Não rejeita H₀
