param_2_ar_κ,param_2_ar_ϕ,param_2_seasonality_κ
0.32318943152554763,-1.000316369215311,0.3836909831119839
