ar_κ,ar_ϕ
0.5490781351793053,0.6081996186754222
