Steps,Q5%,Q25%,Q50%,Q75%,Q95%
1.0,9621.123801816088,13825.636487907106,17637.362345528294,21842.837498380442,27404.07340161052
5.0,12274.267059623246,17382.599181031364,20964.593899372187,24272.024555385564,30721.34409584543
12.0,16933.2779927064,22662.466171079355,27169.49221045614,31567.247197923385,37625.75297014012
