Teste,0.05,pvalor,Rejeicao
Jarque Bera,0.05,2.7080499352345337e-41,Rejeita H₀
ARCHLM,0.05,0.00013459533484139088,Rejeita H₀
Ljung Box,0.05,0.07933278726232214,Não rejeita H₀
