Steps,Q5%,Q25%,Q50%,Q75%,Q95%
1.0,0.4813365968936455,0.5334057085005486,0.5806103909666851,0.6326911779752762,0.7015616016595333
5.0,0.514175565103296,0.5774341938415952,0.6217967617099754,0.6627543369086225,0.7426206559887557
12.0,0.5719152653547098,0.6428596842596584,0.6986839226174384,0.7531552987850028,0.8281724775244356
