Teste,0.05,pvalor,Rejeicao
Jarque Bera,0.05,0.10787532183969802,Não rejeita H₀
ARCHLM,0.05,0.0005652076064777997,Rejeita H₀
Ljung Box,0.05,1.3900880414205622e-99,Rejeita H₀
