ar_κ,ar_ϕ,seasonality_κ
0.04696855292699717,0.9968389902068249,9.999000001614421e-5
0.04696855292699717,0.0012024113507040004,9.999000001614421e-5
