Steps,Q5%,Q25%,Q50%,Q75%,Q95%
1.0,14363.228899825255,16673.533069531375,18697.8767609937,20814.3189828484,23648.416638500847
5.0,5952.070612882088,12941.868244217616,18466.13191156381,24170.727875781726,33013.26294509329
12.0,-5930.014526884468,2672.1831707060614,7693.248395869466,12060.224716025605,20599.469919013467
