Steps,Q5%,Q25%,Q50%,Q75%,Q95%
1.0,0.4813817473202297,0.5334579600706301,0.5806691975023408,0.6327573311642855,0.7016376332763066
5.0,0.5142430235408778,0.5775137543521284,0.6218795900505698,0.6628447328290736,0.742724652705484
12.0,0.5719485563034034,0.6429090800880067,0.6987321598172276,0.7532018312036635,0.8282412136717456
