ar_κ,ar_ϕ,seasonality_κ
0.053287061713601265,0.9992520066620225,9.998999628967456e-5
0.053287061713601265,0.002287888564527585,9.998999628967456e-5
