Steps,Q5%,Q25%,Q50%,Q75%,Q95%
1.0,9603.872513258262,13802.13306186593,17607.959173260482,21806.698697813492,27358.704657329286
5.0,12238.24441497316,17337.491187926124,20909.66586975631,24210.601546675036,30646.09479759423
12.0,16885.00814615639,22607.62220319979,27100.712812808648,31484.23779651221,37537.60769880968
