Teste,0.01,pvalor,Rejeicao
Jarque Bera,0.01,4.152532997312577e-37,Rejeita H₀
ARCHLM,0.01,2.9257018924134983e-8,Rejeita H₀
Ljung Box,0.01,2.0987931204296471e-19,Rejeita H₀
