Steps,Q5%,Q25%,Q50%,Q75%,Q95%
1.0,9765.857136831826,12726.146777571897,15362.656203535309,18225.747695190046,21947.12520589625
5.0,12923.470679494652,16315.354561877464,19092.177127334,22103.092159266493,27602.845009689507
12.0,17568.884493255173,22312.790684081698,25698.077901646142,29303.72491726803,35343.43457972634
