param_2_ar_κ,param_2_ar_ϕ
0.5487682774737109,0.5893246674228505
