param_2_level_κ,param_2_slope_κ,param_2_slope_ϕ
0.0001407112533390475,0.0009308137527771513,0.9953320903056847
