param_2_ar_κ,param_2_ar_ϕ,param_2_seasonality_κ
0.7491087169052429,1.0006303022984506,9.999000064127899e-5
