Steps,Q5%,Q25%,Q50%,Q75%,Q95%
1.0,11124.31835938,11124.31835938,11124.31835938,14784.850790599654,21613.428437214065
5.0,14382.83666415756,19329.54219900851,22961.89248412022,26757.409570407217,33177.866165960164
12.0,16387.007075636022,23552.042679517544,28699.32222152305,33373.27271938624,41046.62044543178
