param_2_ar_κ,param_2_ar_ϕ,param_2_seasonality_κ
0.00038418623072919433,1.000087428734409,0.33402847267155483
