param_2_ar_κ,param_2_ar_ϕ,param_2_seasonality_κ
0.13064647336022409,0.9927819921975916,0.08710513462414753
