param_2_ar_κ,param_2_ar_ϕ,param_2_seasonality_κ
9.99980835739041e-5,0.9941467757934945,0.06535064443632926
