Teste,0.01,pvalor,Rejeicao
Jarque Bera,0.01,3.389610900773257e-21,Rejeita H₀
ARCHLM,0.01,0.007147342629398722,Rejeita H₀
Ljung Box,0.01,6.665942066927156e-35,Rejeita H₀
