param_2_ar_κ,param_2_ar_ϕ,param_2_seasonality_κ
1.5005158186095306,0.9915604359101511,0.01112698449464689
