param_1_level_κ,param_1_seasonality_κ,param_1_slope_κ,param_1_slope_ϕb
0.002474991258105564,0.005405193643017862,0.002327363526377247,0.9830972739513034
