param_1_ar_κ,param_1_ar_ϕ,param_1_seasonality_κ
0.9388013189377575,0.981722805380791,1.3363137572240436
