param_1_level_κ,param_1_seasonality_κ,param_1_slope_κ,param_1_slope_ϕb
47698.36254946046,1414.2485136810812,21219.568795243842,0.957390206792573
