param_1_level_κ,param_1_seasonality_κ,param_1_slope_κ,param_1_slope_ϕb
87.16832611423665,151.00620688184057,11.846869142265682,0.9005658006041576
