Steps,Q5%,Q25%,Q50%,Q75%,Q95%
1.0,-3.1213609803625746e6,-3.121360971169659e6,-3.1213609638839876e6,-3.121360957205871e6,-3.1213609475430697e6
5.0,-6.711683520001721e7,-1.5916766679267455e7,1.3955308525563473e8,5.553066147664727e8,1.713801292567685e9
12.0,-9.133781754884493e8,-1.9797135847877893e8,5.702744658935928e7,4.789542499565898e8,1.70965142502294e9
