Teste,0.05,pvalor,Rejeicao
Jarque Bera,0.05,3.0688968670544555e-169,Rejeita H₀
ARCHLM,0.05,7.051394578591189e-42,Rejeita H₀
Ljung Box,0.05,4.3251236042058675e-52,Rejeita H₀
