param_1_ar_κ,param_1_ar_ϕ,param_1_seasonality_κ
45379.31172836039,0.09616719359034444,0.17033349668406503
