level_κ,slope_κ
0.7383848881084711,9.99899917274606e-5
