level_κ,seasonality_κ,slope_κ
0.027687143933145975,0.005853721399785805,0.00032877688894096334
