Steps,Q5%,Q25%,Q50%,Q75%,Q95%
1.0,36111.25466236863,37003.6253126198,37789.78936199371,38615.835868022186,39728.365517996746
5.0,36516.33736516785,37815.87985637558,38729.37645083483,39652.57600174956,41275.25034159014
12.0,37118.08107105427,38505.98935131231,39667.72431186846,40848.90920778578,42330.21413531083
