level_κ,slope_κ
0.7994786164116313,9.999000012429792e-5
