ar_κ,ar_ϕ,level_κ,seasonality_κ
0.0001276531927582778,2.3381691884425013,0.08795806394364965,0.0013359842213638623
0.0001276531927582778,-1.327186679406229,0.08795806394364965,0.0013359842213638623
