level_κ,seasonality_κ,slope_κ,slope_ϕ
0.06432004878888868,0.015504271449420624,0.24757869535075488,0.5034244418040741
