level_κ,seasonality_κ,slope_κ,slope_ϕ
0.6655982138922151,0.00010173973197211874,0.10000001625145144,0.01171448341761193
