level_κ,seasonality_κ,slope_κ,slope_ϕ
0.10053821115569446,0.02508668215477471,0.3514667390334921,0.7106809277219853
