level_κ,seasonality_κ,slope_κ,slope_ϕ
0.1393137786515853,0.001539101147578241,0.09999999222632715,0.9737676815359159
