level_κ,seasonality_κ,slope_κ,slope_ϕ
0.27923359595223085,0.004297711502467022,0.00010012027529929249,0.686393670439104
