level_κ,seasonality_κ,slope_κ,slope_ϕ
0.3006358381142415,0.1788311571872982,0.15267333764144567,0.10980002904302415
