level_κ,seasonality_κ,slope_κ,slope_ϕ
0.0027896137563529107,0.026030690597824233,0.006280763267474153,0.8268002434969555
