ar_κ,ar_ϕ,seasonality_κ
0.0018415803571756224,1.7333340493910991,0.012818445203179757
0.0018415803571756224,-1.0014028605158685,0.012818445203179757
