Teste,0.01,pvalor,Rejeicao
Jarque Bera,0.01,0.05422929144785641,Não rejeita H₀
ARCHLM,0.01,2.274718282407647e-6,Rejeita H₀
Ljung Box,0.01,5.71090713819641e-43,Rejeita H₀
