ar_κ,ar_ϕ,seasonality_κ
0.0001229590831642915,3.002629525582118,0.014233723364015814
0.0001229590831642915,-3.007008093462537,0.014233723364015814
0.0001229590831642915,1.0043827172887219,0.014233723364015814
