Teste,0.05,pvalor,Rejeicao
Jarque Bera,0.05,0.635099913723971,Não rejeita H₀
ARCHLM,0.05,5.966555959538591e-13,Rejeita H₀
Ljung Box,0.05,1.9708623137405206e-236,Rejeita H₀
