Teste,0.05,pvalor,Rejeicao
Jarque Bera,0.05,0.0517891280786329,Não rejeita H₀
ARCHLM,0.05,1.9734239375098147e-6,Rejeita H₀
Ljung Box,0.05,6.4660092987476924e-43,Rejeita H₀
