ar_κ,ar_ϕ,seasonality_κ
0.9533944367951849,0.9089239600005093,0.005333304111522894
