Teste,0.01,pvalor,Rejeicao
Jarque Bera,0.01,0.635099913723971,Não rejeita H₀
ARCHLM,0.01,5.966555959538591e-13,Rejeita H₀
Ljung Box,0.01,1.9708623137405206e-236,Rejeita H₀
