ar_κ,ar_ϕ,seasonality_κ
9.999156888201701e-5,1.7321201556021393,9.999075257041013e-5
9.999156888201701e-5,-1.0001921891784944,9.999075257041013e-5
