ar_κ,ar_ϕ,seasonality_κ
0.00010044876317389127,0.028739088593879285,0.02574564457185706
0.00010044876317389127,0.9724502275402196,0.02574564457185706
