level_κ,seasonality_κ,slope_κ,slope_ϕ
4.642693572730331,0.01834094576740699,0.12829858909923594,0.8499999968261361
