ar_κ,ar_ϕ,seasonality_κ
0.010088892144396941,1.0378716749668817,0.33883251675733633
0.010088892144396941,1.0380194393768168e-5,0.33883251675733633
