param_1_b_mult,param_1_level_κ,param_1_slope_κ,param_1_slope_ϕb
Inf,0.029880797992569215,0.0009999900020831133,0.9396368512525086
