Steps,Q5%,Q25%,Q50%,Q75%,Q95%
1.0,9.583246737926208,9.84629746784212,10.054773340906415,10.245864344384648,10.522360614484821
5.0,9.23975400692576,9.479423604700536,9.689783476183347,9.91260774731007,10.196459863148128
12.0,8.442170798236875,8.704236112539197,8.873370131359192,9.03847188713862,9.292151700083627
