Teste,0.01,pvalor,Rejeicao
Jarque Bera,0.01,9.329666309916322e-9,Rejeita H₀
ARCHLM,0.01,2.9422460798550354e-7,Rejeita H₀
Ljung Box,0.01,9.547359114549723e-71,Rejeita H₀
