Steps,Q5%,Q25%,Q50%,Q75%,Q95%
1.0,9.583246737925617,9.846297467842014,10.054773340906696,10.245864344385284,10.52236061448597
5.0,9.239754006925116,9.47942360470033,9.689783476183543,9.912607747310666,10.196459863149267
12.0,8.442170798236164,8.704236112539006,8.873370131359254,9.038471887139,9.292151700084471
