param_1_b_mult,param_1_level_κ,param_1_slope_κ,param_1_slope_ϕb
Inf,0.0010000492419105658,0.0009999960770730645,0.8999999975535202
