param_1_ar_κ,param_1_ar_ϕ,param_1_b_mult
0.02003477254823185,2.0279082061697173,Inf
0.02003477254823185,-1.0284861960434732,Inf
