Steps,Q5%,Q25%,Q50%,Q75%,Q95%
1.0,9.247219494927313,9.463737151637957,9.635334119002449,9.792621560496409,10.020206272047902
5.0,9.398152927922595,9.59487659537864,9.768901477959133,9.951331423290299,10.186312441659457
12.0,9.77482741442315,9.990304925456563,10.129340287580003,10.26541779894178,10.474130095191367
