param_1_ar_κ,param_1_ar_ϕ
0.00569137358914579,2.019531256498609
0.00569137358914579,-1.0195331838660178
