Teste,0.05,pvalor,Rejeicao
Jarque Bera,0.05,0.0449007425138821,Rejeita H₀
H,0.05,0.2806832488378147,Não rejeita H₀
ARCHLM,0.05,2.693100625666219e-6,Rejeita H₀
Ljung Box,0.05,1.7738974535542694e-41,Rejeita H₀
