Steps,Q5%,Q25%,Q50%,Q75%,Q95%
1.0,8.231700219636224,8.447415853651766,8.618377193121852,8.77508201193437,9.001823706308903
5.0,8.408613149169549,8.60454458916755,8.77807929513061,8.959661428505491,9.194008260612627
12.0,8.77536282314435,8.989878184620558,9.128336777902636,9.263984706210797,9.471796911852318
