param_1_ar_κ,param_1_ar_ϕ,param_1_b_mult
0.0009999899984071683,1.0004878222878908,Inf
