Teste,0.01,pvalor,Rejeicao
Jarque Bera,0.01,0.10139043347715913,Não rejeita H₀
ARCHLM,0.01,0.056077811187694185,Não rejeita H₀
Ljung Box,0.01,1.2740133734913217e-24,Rejeita H₀
