param_1_ar_κ,param_1_ar_ϕ,param_1_b_mult
0.0009999899994358689,0.02961879139927722,Inf
0.0009999899994358689,0.9714072844348874,Inf
