param_1_b_mult,param_1_level_κ,param_1_slope_κ,param_1_slope_ϕb
Inf,0.0017619572523364826,0.0036477801842090263,0.9925743673339528
