param_1_b_mult,param_1_level_κ,param_1_slope_κ,param_1_slope_ϕb
Inf,0.000999990831437764,0.0009999900011012505,0.9917173928568394
