Steps,Q5%,Q25%,Q50%,Q75%,Q95%
1.0,5.767720122153664,6.0761237445121745,6.320543193368806,6.544580426383323,6.868747750666246
5.0,5.513606482872217,5.794311695413654,6.041397170865746,6.302129499720756,6.635620210991115
12.0,5.552402930042752,5.859653822883291,6.0575300625535835,6.251478291544877,6.548728324271939
