param_2_level_κ,param_2_seasonality_κ,param_2_slope_κ,param_2_slope_ϕb
0.5214643019561458,3.18257661887767,0.7433789051036604,0.9019365347740856
