param_2_level_κ,param_2_seasonality_κ,param_2_slope_κ,param_2_slope_ϕb
9.865218465554806,1.596267425309626,3.323162507498439,0.920881015206355
