Teste,0.05,pvalor,Rejeicao
Jarque Bera,0.05,7.24295112495627e-32,Rejeita H₀
ARCHLM,0.05,4.2255058707171377e-45,Rejeita H₀
Ljung Box,0.05,8.358152320880688e-196,Rejeita H₀
