Steps,Q5%,Q25%,Q50%,Q75%,Q95%
1.0,22719.879019034335,22719.963021294898,22731.787751161195,23135.816851006002,44684.96304724
5.0,22719.87901889,22719.879026463925,22720.07596420587,22875.253573222715,44684.96304724
12.0,22719.87901889,22719.879022622816,22719.882256025307,22795.80124716261,44684.96304724
