Steps,Q5%,Q25%,Q50%,Q75%,Q95%
1.0,73162.41422216696,73180.4347018453,73195.96445949642,73211.95132981263,73232.97665465453
5.0,0.009996938474951925,0.01000021630119118,62287.25413321673,806248.937834308,1.784533457600859e6
12.0,0.009997026637542776,0.01000191376543827,1.4084408839150798e6,3.3739085369378204e11,3.375902787503956e11
