param_2_level_κ,param_2_seasonality_κ,param_2_slope_κ,param_2_slope_ϕb
9.999424137040342e-5,1.8451582982732921,0.0003669179149788681,0.9998463433460779
