param_2_level_κ,param_2_seasonality_κ,param_2_slope_κ,param_2_slope_ϕb
0.01477639362255245,11.672129301339405,0.4706008660827057,0.9689912353427224
