param_2_level_κ,param_2_seasonality_κ,param_2_slope_κ,param_2_slope_ϕb
3157.618584928174,18.730981694573835,2281.1065938984016,0.9274074975546555
