Steps,Q5%,Q25%,Q50%,Q75%,Q95%
1.0,51847.46335334531,51914.144738065006,51971.64673167979,52030.87710716884,52108.82999325685
5.0,0.00998334430662898,0.010000342516465928,0.010037182539106522,2.944136311974591e6,7.696818825753914e6
12.0,0.009984489880140083,0.010010512323754014,1.4116127026570358e15,1.421014216343199e15,1.4277889622833972e15
