param_2_level_κ,param_2_seasonality_κ,param_2_slope_κ,param_2_slope_ϕb
0.00010000690528973385,3.4508534721373545,0.00011724980319967848,0.9882804841695828
