Steps,Q5%,Q25%,Q50%,Q75%,Q95%
1.0,22719.87901889,22719.980190039398,22761.024261778548,24064.328399210925,44684.96304724
5.0,22719.87901889,22720.00849126848,22793.86096761798,25375.81854679337,44684.96304724
12.0,22719.87901889,22719.92988717199,22775.902464563354,25481.902774202066,44684.96304724
