param_2_ar_κ,param_2_ar_ϕ,param_2_seasonality_κ
0.5004146420280399,1.2411078144098109,0.0009075980508133181
