Steps,Q5%,Q25%,Q50%,Q75%,Q95%
1.0,11124.318960498265,11139.397666656769,12053.413688546761,23523.680254370127,91862.0
5.0,11124.31848503662,11131.44084035915,11559.270891957334,18067.653671940734,91862.0
12.0,11124.3187159548,11127.988660592084,11696.645042198994,17299.26608003501,91862.0
