param_2_ar_κ,param_2_ar_ϕ,param_2_seasonality_κ
0.06093342983563162,1.9500158832738466,4.319653814011762
