param_1_level_κ,param_1_seasonality_κ,param_1_slope_κ,param_1_slope_ϕb
9.999014888001694e-5,0.3663495766796141,0.1110802206967072,0.8999999900369725
