param_1_ar_κ,param_1_ar_ϕ,param_1_seasonality_κ
0.000530379885038152,0.9693492339816842,0.3579023949845071
