param_2_ar_κ,param_2_ar_ϕ,param_2_seasonality_κ
0.964851370749298,-0.8081800812466821,0.3853977960223025
