param_1_b_mult,param_1_level_κ,param_1_slope_κ,param_1_slope_ϕb
Inf,0.8496641053048843,0.001000174121805718,0.9000009966278273
