Steps,Q5%,Q25%,Q50%,Q75%,Q95%
1.0,9.531816802059675,9.558376519725586,9.579425920844953,9.598720005687447,9.626637293245956
5.0,9.547428549257551,9.576333515348113,9.596990776496298,9.620030804751215,9.648638944813811
12.0,9.55586133072333,9.583089113293221,9.60383464446033,9.623753735927442,9.650654187165653
