Teste,0.01,pvalor,Rejeicao
Jarque Bera,0.01,3.421955997413463e-6,Rejeita H₀
H,0.01,0.005358901484059597,Rejeita H₀
ARCHLM,0.01,0.0337664380292279,Não rejeita H₀
Ljung Box,0.01,2.2249925498750476e-6,Rejeita H₀
