Teste,0.05,pvalor,Rejeicao
Jarque Bera,0.05,3.4219559974141135e-6,Rejeita H₀
H,0.05,0.005358901484059597,Rejeita H₀
ARCHLM,0.05,0.03376643802922845,Rejeita H₀
Ljung Box,0.05,2.2249925498750336e-6,Rejeita H₀
