Steps,Q5%,Q25%,Q50%,Q75%,Q95%
1.0,10.476820016488842,10.505118456577767,10.527545849217134,10.548103014427014,10.57784789723628
5.0,10.480516717726548,10.520874583736228,10.548990480415165,10.57929012609789,10.620462746810437
12.0,10.512310402997588,10.554368154659402,10.586762470756057,10.61928790012475,10.660909582231351
