Teste,0.05,pvalor,Rejeicao
Jarque Bera,0.05,3.578881870373749e-6,Rejeita H₀
ARCHLM,0.05,0.03380295380695335,Rejeita H₀
Ljung Box,0.05,2.2285048207177673e-6,Rejeita H₀
