Teste,0.05,pvalor,Rejeicao
Jarque Bera,0.05,3.421955997413463e-6,Rejeita H₀
H,0.05,0.005358901484059597,Rejeita H₀
ARCHLM,0.05,0.0337664380292279,Rejeita H₀
Ljung Box,0.05,2.2249925498750476e-6,Rejeita H₀
