Teste,0.01,pvalor,Rejeicao
Jarque Bera,0.01,3.4219559974141135e-6,Rejeita H₀
H,0.01,0.005358901484059597,Rejeita H₀
ARCHLM,0.01,0.03376643802922845,Não rejeita H₀
Ljung Box,0.01,2.2249925498750336e-6,Rejeita H₀
