Teste,0.05,pvalor,Rejeicao
Jarque Bera,0.05,3.5788818703744227e-6,Rejeita H₀
ARCHLM,0.05,0.03380295380695363,Rejeita H₀
Ljung Box,0.05,2.2285048207177817e-6,Rejeita H₀
