Teste,0.01,pvalor,Rejeicao
Jarque Bera,0.01,0.02204664346973938,Não rejeita H₀
H,0.01,0.03144535859462394,Não rejeita H₀
ARCHLM,0.01,0.06932557444932286,Não rejeita H₀
Ljung Box,0.01,5.419873346862883e-8,Rejeita H₀
