param_1_b_mult,param_1_level_κ,param_1_slope_κ,param_1_slope_ϕb
Inf,0.3246676490042597,0.0009999900175638263,0.9920004182019855
