param_1_b_mult,param_1_level_κ,param_1_slope_κ,param_1_slope_ϕb
Inf,0.32523903071616955,0.0009999899630579896,0.9919958113417849
