Steps,Q5%,Q25%,Q50%,Q75%,Q95%
1.0,8.2858920034385,8.50061502769069,8.67078969309569,8.82677343884446,9.052471787331605
5.0,8.432218442926244,8.627660318362276,8.799685426370097,8.981224184384034,9.213405051799176
12.0,8.823586660587273,9.037643782170004,9.175288104768153,9.310492785992585,9.517354257274953
