param_1_ar_κ,param_1_ar_ϕ,param_1_b_mult
0.000999989898759914,1.0007318560207996,Inf
