Teste,0.05,pvalor,Rejeicao
Jarque Bera,0.05,0.010581495633786681,Rejeita H₀
H,0.05,0.41515982099413695,Não rejeita H₀
ARCHLM,0.05,2.185802088598966e-6,Rejeita H₀
Ljung Box,0.05,2.2028009263339716e-37,Rejeita H₀
