param_1_ar_κ,param_1_ar_ϕ,param_1_b_mult
0.0009999899823162322,1.0022304055178406,Inf
0.0009999899823162322,-0.001470849542138188,Inf
