param_1_ar_κ,param_1_ar_ϕ,param_1_b_mult
0.0009999899981812592,1.000807905905974,Inf
