Steps,Q5%,Q25%,Q50%,Q75%,Q95%
1.0,6.601469817658432,6.662811649267539,6.711426955920212,6.755988216636439,6.820465466505514
5.0,6.495686429302405,6.561902872954432,6.611401886313646,6.663880698127869,6.730411874315211
12.0,6.6404273889326815,6.7056263268979,6.752634563971959,6.799827016962736,6.8633525338429795
