param_1_b_mult,param_1_level_κ,param_1_slope_κ,param_1_slope_ϕb
Inf,0.29158091194681746,0.0009999899988418432,1.0000000100398594
