param_1_b_mult,param_1_level_κ,param_1_slope_κ,param_1_slope_ϕb
Inf,1.3828245894045332,0.0009999900006855823,0.9821418330437096
