Teste,0.01,pvalor,Rejeicao
Jarque Bera,0.01,0.5561280730937062,Não rejeita H₀
H,0.01,0.3758576577896804,Não rejeita H₀
ARCHLM,0.01,0.035157286029004184,Não rejeita H₀
Ljung Box,0.01,1.69682397545861e-8,Rejeita H₀
