param_2_level_κ,param_2_seasonality_κ,param_2_slope_κ,param_2_slope_ϕb
9.99959080994232e-5,0.005094307065263608,9.999426042426953e-5,0.9955360727869155
