param_2_ar_κ,param_2_ar_ϕ,param_2_seasonality_κ
5228.740966943913,1.0006693134566438,1.0025280948220379
