Steps,Q5%,Q25%,Q50%,Q75%,Q95%
1.0,0.0,0.0,0.0,1.6795706135025902e-203,1.7853646813532666e-35
5.0,0.0,0.0,0.0,3.6371977180332504e-171,6.408959787411429e-32
12.0,0.0,0.0,0.0,9.227837112244944e-193,1.6489535030104245e-30
