param_2_level_κ,param_2_seasonality_κ,param_2_slope_κ,param_2_slope_ϕb
0.00010001795018050947,6.0451151505345955,9.999297745675014e-5,0.99581216979177
