param_2_ar_κ,param_2_ar_ϕ,param_2_seasonality_κ
1.957955699479934e7,0.9880991881258985,23.102687920896994
