param_2_level_κ,param_2_seasonality_κ,param_2_slope_κ,param_2_slope_ϕb
192225.0912788792,108.58000275279684,179760.4028832042,0.9925752213569663
