Teste,0.01,pvalor,Rejeicao
Jarque Bera,0.01,1.2600428605318345e-79,Rejeita H₀
ARCHLM,0.01,4.947004654474705e-13,Rejeita H₀
Ljung Box,0.01,2.185319950130099e-35,Rejeita H₀
