param_2_ar_κ,param_2_ar_ϕ,param_2_seasonality_κ
3337.206490582686,1.0163129342444934,0.015339420852559965
