param_1_level_κ,param_1_seasonality_κ,param_1_slope_κ,param_1_slope_ϕb
0.01448344882399318,0.5331327588055697,0.008516023823006069,0.9746197284421347
