param_1_ar_κ,param_1_ar_ϕ,param_1_seasonality_κ
6.927221337480463,0.9954429451216765,365.0598645569613
