param_1_level_κ,param_1_seasonality_κ,param_1_slope_κ,param_1_slope_ϕb
0.01408548664725674,0.3039744935203534,0.0007890162333054372,0.9919756046698325
