param_1_level_κ,param_1_seasonality_κ,param_1_slope_κ,param_1_slope_ϕb
0.09999979866054741,0.1408979057449212,0.05536664621627936,0.9715915251898266
