Teste,0.01,pvalor,Rejeicao
Jarque Bera,0.01,0.2434013037034568,Não rejeita H₀
ARCHLM,0.01,7.735865827418429e-7,Rejeita H₀
Ljung Box,0.01,1.7905201581068026e-55,Rejeita H₀
