Teste,0.01,pvalor,Rejeicao
Jarque Bera,0.01,0.2666256491127587,Não rejeita H₀
ARCHLM,0.01,6.943486911653356e-7,Rejeita H₀
Ljung Box,0.01,2.0083167394178087e-54,Rejeita H₀
