Steps,Q5%,Q25%,Q50%,Q75%,Q95%
1.0,4.775247049432312,5.123018154545161,5.370043174688561,5.529225418135064,5.7657648241380395
5.0,4.799046799693043,5.159380543260184,5.441617265260307,5.634237236151203,5.9722682434388545
12.0,4.717283389193977,5.074205377220604,5.361516189742335,5.573870012483078,6.041771241067044
