param_1_level_κ,param_1_seasonality_κ,param_1_slope_κ,param_1_slope_ϕb
0.009704814415032523,0.7029404092496262,9.999110861930592e-5,0.9999999593619296
