Teste,0.05,pvalor,Rejeicao
Jarque Bera,0.05,1.0776908790601278e-9,Rejeita H₀
ARCHLM,0.05,0.002021997548824244,Rejeita H₀
Ljung Box,0.05,3.0976497897254346e-23,Rejeita H₀
