Steps,Q5%,Q25%,Q50%,Q75%,Q95%
1.0,10.085749767559841,10.221033611385693,10.323920997630967,10.393257313334924,10.484848418603697
5.0,10.093884490791735,10.24501918680032,10.353775429514553,10.431388474841558,10.547804758297916
12.0,10.073250869718573,10.21745947008498,10.326657204964512,10.421321992438461,10.58293676947838
