Teste,0.01,pvalor,Rejeicao
Jarque Bera,0.01,1.0776908790601278e-9,Rejeita H₀
ARCHLM,0.01,0.002021997548824244,Rejeita H₀
Ljung Box,0.01,3.0976497897254346e-23,Rejeita H₀
