param_1_level_κ,param_1_seasonality_κ,param_1_slope_κ,param_1_slope_ϕb
0.2499304861737391,0.04039654495699508,0.13899821703948737,0.9943101923382645
