Teste,0.01,pvalor,Rejeicao
Jarque Bera,0.01,1.0153021606609528e-9,Rejeita H₀
ARCHLM,0.01,0.0022398969804966803,Rejeita H₀
Ljung Box,0.01,4.296069513551341e-23,Rejeita H₀
