Steps,Q5%,Q25%,Q50%,Q75%,Q95%
1.0,46.61327732258834,46.64259542751683,46.66583093620943,46.68712882841698,46.71794549507943
5.0,3.0508599162187044,4.240561703929647,9.559876793017676,19.362022071603267,44.5085166149464
12.0,-29.15803836388862,-15.109070036295556,-5.806543682993056,3.0229498237036623,23.698311577704427
