Teste,0.01,pvalor,Rejeicao
Jarque Bera,0.01,4.398988561245053e-7,Rejeita H₀
ARCHLM,0.01,6.033235708456922e-12,Rejeita H₀
Ljung Box,0.01,2.511813620875297e-103,Rejeita H₀
