param_1_ar_κ,param_1_ar_ϕ,param_1_seasonality_κ
0.01637588972402698,0.998110800430781,0.014041058832535792
