Teste,0.05,pvalor,Rejeicao
Jarque Bera,0.05,0.4193040781056562,Não rejeita H₀
ARCHLM,0.05,1.0222204741943976e-14,Rejeita H₀
Ljung Box,0.05,9.631681735573031e-112,Rejeita H₀
