param_1_ar_κ,param_1_ar_ϕ,param_1_seasonality_κ
9.999000637034771e-5,0.7880424003423637,1.123842893405973
