level_κ,seasonality_κ,slope_κ
0.00017376102936202535,0.00012997351078690938,0.00027105922576923277
