Teste,0.05,pvalor,Rejeicao
Jarque Bera,0.05,0.008490602954750806,Rejeita H₀
ARCHLM,0.05,1.080005072409425e-8,Rejeita H₀
Ljung Box,0.05,8.783184656416082e-26,Rejeita H₀
