param_2_level_κ,param_2_seasonality_κ,param_2_slope_κ,param_2_slope_ϕb
16.078805295948673,17.005837877405412,9.999000421774876e-5,0.9883926806851394
