param_2_level_κ,param_2_slope_κ,param_2_slope_ϕb
0.44012667748377965,9.998998772174441e-5,0.9951095367625846
