Teste,0.01,pvalor,Rejeicao
Jarque Bera,0.01,8.798712674798135e-14,Rejeita H₀
ARCHLM,0.01,0.0020104183494944272,Rejeita H₀
Ljung Box,0.01,0.0022057823710959117,Rejeita H₀
