Steps,Q5%,Q25%,Q50%,Q75%,Q95%
1.0,22719.87901889,22719.87901889,22719.87901889,22719.87901889,26299.301578737563
5.0,24769.679000440028,26906.271516371573,28432.054219556638,29770.268333023745,31923.21818834051
12.0,30224.530275254594,32629.256390499835,34283.561561050796,35977.6016693761,39153.17034523986
