param_2_level_κ,param_2_seasonality_κ,param_2_slope_κ,param_2_slope_ϕb
0.0026812055392596364,0.2169247109288977,0.39398372043566227,0.9435648051374919
