Teste,0.05,pvalor,Rejeicao
Jarque Bera,0.05,9.769129667027742e-9,Rejeita H₀
ARCHLM,0.05,0.008856512599001286,Rejeita H₀
Ljung Box,0.05,1.6476555183377609e-71,Rejeita H₀
