param_2_ar_κ,param_2_ar_ϕ,param_2_seasonality_κ
0.9687515984158127,0.6833938222329615,0.017077386941101166
