param_2_level_κ,param_2_seasonality_κ,param_2_slope_κ,param_2_slope_ϕb
11.455612207172841,11.453436066301384,9.998999876303093e-5,1.000000010032789
