param_2_level_κ,param_2_seasonality_κ,param_2_slope_κ,param_2_slope_ϕb
13.116197280442334,1.7472724448726538,19.196680860389016,0.9293604308023707
