Steps,Q5%,Q25%,Q50%,Q75%,Q95%
1.0,22719.87901889018,22719.87901889021,22719.879018890228,22719.879018890257,22719.87901889461
5.0,22719.879018890155,22719.87901889018,22719.8790188902,22719.87901889022,22719.879018893975
12.0,22719.87901889015,22719.87901889022,22719.879018890264,22719.879018890326,22719.879018894444
