Teste,0.01,pvalor,Rejeicao
Jarque Bera,0.01,3.6941036103440495e-8,Rejeita H₀
ARCHLM,0.01,7.454043707786255e-5,Rejeita H₀
Ljung Box,0.01,7.17812372749587e-43,Rejeita H₀
