param_2_level_κ,param_2_seasonality_κ,param_2_slope_κ,param_2_slope_ϕb
0.008874043123084319,0.0001232819889431804,0.01149641895014706,0.9713056400769652
