param_2_level_κ,param_2_seasonality_κ,param_2_slope_κ,param_2_slope_ϕb
0.0012772805292982318,2.2843251211645823,0.00010018667064866218,0.9923568591114674
