Steps,Q5%,Q25%,Q50%,Q75%,Q95%
1.0,22719.87901889,22815.783502476334,23847.014860563566,31234.328695994263,44684.96304724
5.0,22719.87901889,22848.070227962497,24202.129099420083,31793.943710591993,44684.96304724
12.0,22719.87901889,22745.05184436798,23412.56745868934,26515.929791557915,44684.96304724
