Teste,0.05,pvalor,Rejeicao
Jarque Bera,0.05,0.01954953930022017,Rejeita H₀
ARCHLM,0.05,2.2401742931005257e-37,Rejeita H₀
Ljung Box,0.05,4.846176744868991e-120,Rejeita H₀
