param_2_level_κ,param_2_seasonality_κ,param_2_slope_κ,param_2_slope_ϕb
195831.1989363236,951.8206826811249,2954.8405456844416,0.9907412697401159
