param_2_level_κ,param_2_seasonality_κ,param_2_slope_κ,param_2_slope_ϕb
0.058477720917461,0.0001384862577195918,0.054353051490135404,0.8999999900002644
