param_2_level_κ,param_2_slope_κ,param_2_slope_ϕb
5.402308803058991,0.37175629615083194,0.9552092868918013
