param_2_ar_κ,param_2_ar_ϕ,param_2_seasonality_κ
0.008897463253491984,0.9959520799243611,0.02731762079993376
