param_1_b_mult,param_1_level_κ,param_1_slope_κ,param_1_slope_ϕb
-0.3161985500297698,0.6589416932588216,0.0009999901178666234,0.8999999902675069
