param_1_ar_κ,param_1_ar_ϕ,param_1_b_mult
0.6269305734615584,0.7550857305460621,-0.1480521023488122
0.6269305734615584,0.24485915409802694,-0.1480521023488122
