param_1_ar_κ,param_1_ar_ϕ,param_1_b_mult
0.022746831843943018,1.7564829547514702,-0.8089633442513394
0.022746831843943018,-0.8234088864479845,-0.8089633442513394
