param_1_b_mult,param_1_level_κ,param_1_slope_κ,param_1_slope_ϕb
-0.7793992316396661,0.29768645183624437,0.000999990003636626,1.0000000100062505
