Steps,Q5%,Q25%,Q50%,Q75%,Q95%
1.0,4.747451568470104,4.944658296120993,5.118676415155082,5.256764988424473,5.414145579778796
5.0,4.807341934048579,5.061123893477324,5.280191214075533,5.505988297317255,6.167968265750399
12.0,4.700642687411806,4.978585156198177,5.2345923306172,5.4715616588293745,6.326149473155099
