Teste,0.01,pvalor,Rejeicao
Jarque Bera,0.01,2.7807244573465104e-13,Rejeita H₀
ARCHLM,0.01,0.03614572065848445,Não rejeita H₀
Ljung Box,0.01,1.2822967074019996e-23,Rejeita H₀
