param_1_level_κ,param_1_seasonality_κ,param_1_slope_κ,param_1_slope_ϕb
0.2043577213778571,0.21548203371355304,0.0006312116540636571,0.901082097394842
