param_1_level_κ,param_1_seasonality_κ,param_1_slope_κ,param_1_slope_ϕb
0.0015436231158474146,0.00558812336612215,0.001453415307137762,0.9652395318502872
