Teste,0.05,pvalor,Rejeicao
Jarque Bera,0.05,0.10518581582308968,Não rejeita H₀
ARCHLM,0.05,0.008741343641786966,Rejeita H₀
Ljung Box,0.05,4.0857771953966026e-32,Rejeita H₀
