Steps,Q5%,Q25%,Q50%,Q75%,Q95%
1.0,10.094731175301087,10.222059964391825,10.316201784610195,10.381632260344976,10.473783052515428
5.0,10.095494804938943,10.23781393288223,10.333857403949732,10.423161831207103,10.574843082210169
12.0,10.041857919936463,10.182067525982642,10.29833757333121,10.391720005755282,10.59077854018404
