param_1_level_κ,param_1_seasonality_κ,param_1_slope_κ,param_1_slope_ϕb
0.010810394968964633,0.04246663009274607,0.001824099323468576,0.9819002965097275
