param_1_level_κ,param_1_seasonality_κ,param_1_slope_κ,param_1_slope_ϕb
0.01177215971953727,0.0272503225080238,0.006581505382021802,0.9250314863157737
