Teste,0.05,pvalor,Rejeicao
Jarque Bera,0.05,0.6095394323225791,Não rejeita H₀
ARCHLM,0.05,0.07786147987804029,Não rejeita H₀
Ljung Box,0.05,2.2915299772591665e-37,Rejeita H₀
