Steps,Q5%,Q25%,Q50%,Q75%,Q95%
1.0,9.429830786420359,9.69291758112302,9.877527901537572,10.117649026920166,10.342783458765153
5.0,9.542399156892914,9.842616021635473,10.103303959125554,10.432189830140826,11.380446034196915
12.0,9.375326351943785,9.73781835187236,10.018773056242186,10.340460264686325,11.42804272990491
