param_1_ar_κ,param_1_ar_ϕ,param_1_seasonality_κ
2.104552969486205,0.9731659815653713,0.0002035471043349458
