param_1_level_κ,param_1_seasonality_κ,param_1_slope_κ,param_1_slope_ϕb
529.2840032346422,2150.210759816874,408.32989600091884,0.9661957086082497
