Teste,0.01,pvalor,Rejeicao
Jarque Bera,0.01,2.431904132852076e-30,Rejeita H₀
ARCHLM,0.01,0.0049965216094692766,Rejeita H₀
Ljung Box,0.01,1.5125389636554955e-21,Rejeita H₀
