param_1_ar_κ,param_1_ar_ϕ,param_1_seasonality_κ
61200.10778549552,0.00154672037446363,55264.41321648844
