param_2_level_κ,param_2_seasonality_κ,param_2_slope_κ,param_2_slope_ϕb
22.83164192035489,23.543133849208047,0.5205432785666343,0.9427200084053702
