param_2_ar_κ,param_2_ar_ϕ,param_2_seasonality_κ
0.00036443899794799434,1.0088783212801091,1.0271496890079435
