Teste,0.01,pvalor,Rejeicao
Jarque Bera,0.01,0.08615705588878209,Não rejeita H₀
ARCHLM,0.01,6.36335854053071e-6,Rejeita H₀
Ljung Box,0.01,4.467830163954459e-41,Rejeita H₀
