param_2_b_mult,param_2_level_κ,param_2_slope_κ,param_2_slope_ϕb
Inf,0.3285794110534648,0.0009999899999827413,0.9954447194578111
