Teste,0.05,pvalor,Rejeicao
Jarque Bera,0.05,3.449900880689385e-7,Rejeita H₀
ARCHLM,0.05,0.036719302656636234,Rejeita H₀
Ljung Box,0.05,3.042238635311519e-5,Rejeita H₀
