Steps,Q5%,Q25%,Q50%,Q75%,Q95%
1.0,37603.56188560639,38487.67170952457,39260.49188332658,40066.6785448644,41143.461439747734
5.0,38368.25350542492,39477.974968167815,40178.59079799545,40892.90932884754,42087.7869521529
12.0,38556.0909627206,39710.630208777904,40537.22416721427,41332.97916121071,42447.329042462756
