Teste,0.05,pvalor,Rejeicao
Jarque Bera,0.05,2.394596480803912e-6,Rejeita H₀
ARCHLM,0.05,0.03249035483441469,Rejeita H₀
Ljung Box,0.05,3.884904907466394e-5,Rejeita H₀
