Teste,0.01,pvalor,Rejeicao
Jarque Bera,0.01,3.4492688668598407e-7,Rejeita H₀
H,0.01,0.008602277394196056,Rejeita H₀
ARCHLM,0.01,0.03671912632274261,Não rejeita H₀
Ljung Box,0.01,3.0424010955386902e-5,Rejeita H₀
