Teste,0.01,pvalor,Rejeicao
Jarque Bera,0.01,2.395662331532075e-6,Rejeita H₀
H,0.01,0.011384940319675296,Não rejeita H₀
ARCHLM,0.01,0.03249417397764877,Não rejeita H₀
Ljung Box,0.01,3.884780695809458e-5,Rejeita H₀
