Teste,0.05,pvalor,Rejeicao
Jarque Bera,0.05,3.4492688668598407e-7,Rejeita H₀
H,0.05,0.008602277394196056,Rejeita H₀
ARCHLM,0.05,0.03671912632274261,Rejeita H₀
Ljung Box,0.05,3.0424010955386902e-5,Rejeita H₀
