Steps,Q5%,Q25%,Q50%,Q75%,Q95%
1.0,37603.566108900035,38487.67649238432,39260.49716100887,40066.684344235226,41143.467944419106
5.0,38368.25525977926,39477.97702253587,40178.59353499957,40892.91238895509,42087.790236929
12.0,38556.08764805074,39710.6268513966,40537.221477263694,41332.97623411463,42447.32658415178
