Teste,0.05,pvalor,Rejeicao
Jarque Bera,0.05,2.3944939586174434e-6,Rejeita H₀
ARCHLM,0.05,0.032490323074123195,Rejeita H₀
Ljung Box,0.05,3.885013770094609e-5,Rejeita H₀
