Teste,0.01,pvalor,Rejeicao
Jarque Bera,0.01,3.449900880689385e-7,Rejeita H₀
ARCHLM,0.01,0.036719302656636234,Não rejeita H₀
Ljung Box,0.01,3.042238635311519e-5,Rejeita H₀
