param_2_b_mult,param_2_level_κ,param_2_slope_κ,param_2_slope_ϕb
Inf,0.32857988395788523,0.000999989999974035,0.9954446530081361
