Teste,0.05,pvalor,Rejeicao
Jarque Bera,0.05,2.394226890862072e-6,Rejeita H₀
H,0.05,0.011382831322628295,Rejeita H₀
ARCHLM,0.05,0.03249020107944297,Rejeita H₀
Ljung Box,0.05,3.885111940895398e-5,Rejeita H₀
