param_2_level_κ,param_2_slope_κ,param_2_slope_ϕb
0.3285802734871522,0.0009999900000257132,0.9954446574464699
