Steps,Q5%,Q25%,Q50%,Q75%,Q95%
1.0,37603.57189375969,38487.68192665061,39260.502282794645,40066.68913423233,41143.47228226864
5.0,38368.25788520297,39477.97875028554,40178.59522938637,40892.91362649614,42087.79032941707
12.0,38556.090421627305,39710.62851935942,40537.22304181452,41332.97679083261,42447.32652843419
