Teste,0.01,pvalor,Rejeicao
Jarque Bera,0.01,2.2239611043040664e-11,Rejeita H₀
H,0.01,0.34608806512769275,Não rejeita H₀
ARCHLM,0.01,0.17925013920333094,Não rejeita H₀
Ljung Box,0.01,3.2899502075207793e-6,Rejeita H₀
