param_2_ar_κ,param_2_ar_ϕ,param_2_b_mult
0.4805306021860617,1.0057613246011599,Inf
