Teste,0.05,pvalor,Rejeicao
Jarque Bera,0.05,2.2850237722062848e-11,Rejeita H₀
H,0.05,0.3669398288042649,Não rejeita H₀
ARCHLM,0.05,0.18170907108998918,Não rejeita H₀
Ljung Box,0.05,1.8155541908730389e-6,Rejeita H₀
