Teste,0.05,pvalor,Rejeicao
Jarque Bera,0.05,0.01279846830755777,Rejeita H₀
H,0.05,0.27944515407550474,Não rejeita H₀
ARCHLM,0.05,0.03152205599011589,Rejeita H₀
Ljung Box,0.05,1.2215878990947088e-6,Rejeita H₀
