Steps,Q5%,Q25%,Q50%,Q75%,Q95%
1.0,10865.511461846512,13114.081233973178,15257.801371544028,17728.28832801476,21148.842539942172
5.0,12362.441559290626,15011.691126453714,17077.29220635347,19482.03696951743,23874.705699746002
12.0,15625.147635611802,19633.10493451372,22903.085360143366,26368.12855610517,31513.668827145957
