Teste,0.01,pvalor,Rejeicao
Jarque Bera,0.01,0.01279846830755777,Não rejeita H₀
H,0.01,0.27944515407550474,Não rejeita H₀
ARCHLM,0.01,0.03152205599011589,Não rejeita H₀
Ljung Box,0.01,1.2215878990947088e-6,Rejeita H₀
