param_2_ar_κ,param_2_ar_ϕ,param_2_b_mult
0.46817674890028677,1.0052051836128268,Inf
