param_2_ar_κ,param_2_ar_ϕ
0.47013979616959645,1.0050701480014816
