Steps,Q5%,Q25%,Q50%,Q75%,Q95%
1.0,10887.496686709572,13141.470406535958,15290.423735439606,17767.02077416418,21196.147941316747
5.0,12371.174638331846,15000.444984464413,17074.23107218816,19504.573231926195,23899.302685105667
12.0,15525.278647543853,19525.928106211744,22794.98854984033,26209.1320316918,31412.155785542247
