param_2_ar_κ,param_2_ar_ϕ,param_2_b_mult
0.0009999902626061207,1.0004887951846493,Inf
