Teste,0.01,pvalor,Rejeicao
Jarque Bera,0.01,0.21713424989612565,Não rejeita H₀
H,0.01,0.46991666387320286,Não rejeita H₀
ARCHLM,0.01,7.487768583739252e-12,Rejeita H₀
Ljung Box,0.01,1.05845998881499e-123,Rejeita H₀
