param_2_b_mult,param_2_level_κ,param_2_slope_κ,param_2_slope_ϕb
Inf,0.34297689998361264,0.0009999900000241834,1.0000000099999247
