param_2_b_mult,param_2_level_κ,param_2_slope_κ,param_2_slope_ϕb
Inf,0.00427273528446838,0.008871896326117837,0.900002053010841
