Steps,Q5%,Q25%,Q50%,Q75%,Q95%
1.0,1658.6906336727145,2048.732093363396,2425.596255617817,2859.426353139799,3470.109118883913
5.0,2048.2558708725637,2599.1692039252707,3190.01310898237,3916.37726545627,5192.400134747577
12.0,1087.0229291456772,2242.229551105045,3288.732946727111,4722.307421668535,7303.1179630330225
