param_2_level_κ,param_2_seasonality_κ,param_2_slope_κ,param_2_slope_ϕb
0.13218702437371457,0.04171157599885653,1.2654011059645465,0.9921086510604177
