param_2_ar_κ,param_2_ar_ϕ,param_2_seasonality_κ
0.2712122770748418,1.002774417569393,0.015084558590582981
